CustomerID,CustomerName,Gender,Age,City,State,Region
C00001,Aarav Yadav,Female,33,Mumbai,Maharashtra,West
C00002,Aryan Yadav,Male,61,Hyderabad,Telangana,South
C00003,Aditya Nair,Female,20,Lucknow,Uttar Pradesh,North
C00004,Aditya Singh,Male,50,Delhi,Delhi,North
C00005,Aarav Mehta,Male,63,Guwahati,Assam,East
C00006,Neha Singh,Female,55,Lucknow,Uttar Pradesh,North
C00007,Aarav Patel,Female,39,Chennai,Tamil Nadu,South
C00008,Aryan Singh,Female,24,Chennai,Tamil Nadu,South
C00009,Sneha Verma,Female,40,Mumbai,Maharashtra,West
C00010,Rahul Sharma,Female,52,Guwahati,Assam,East
C00011,Sneha Verma,Female,58,Mumbai,Maharashtra,West
C00012,Priya Nair,Male,63,Guwahati,Assam,East
C00013,Vivaan Kumar,Male,36,Mumbai,Maharashtra,West
C00014,Rohan Verma,Female,35,Mumbai,Maharashtra,West
C00015,Priya Patel,Female,40,Jaipur,Rajasthan,North
C00016,Rahul Yadav,Male,56,Hyderabad,Telangana,South
C00017,Meera Yadav,Male,28,Bengaluru,Karnataka,South
C00018,Sneha Gupta,Male,61,Jaipur,Rajasthan,North
C00019,Vivaan Singh,Male,38,Kolkata,West Bengal,East
C00020,Rahul Verma,Male,54,Pune,Maharashtra,West
C00021,Ishaan Kumar,Female,43,Kolkata,West Bengal,East
C00022,Aryan Gupta,Male,33,Jaipur,Rajasthan,North
C00023,Meera Gupta,Female,55,Lucknow,Uttar Pradesh,North
C00024,Priya Singh,Male,50,Pune,Maharashtra,West
C00025,Aditya Sharma,Male,27,Jaipur,Rajasthan,North
C00026,Neha Nair,Male,42,Bengaluru,Karnataka,South
C00027,Saanvi Joshi,Female,53,Pune,Maharashtra,West
C00028,Arjun Kumar,Female,59,Delhi,Delhi,North
C00029,Arjun Gupta,Female,28,Kolkata,West Bengal,East
C00030,Aarav Yadav,Female,50,Jaipur,Rajasthan,North
C00031,Kabir Verma,Female,58,Bengaluru,Karnataka,South
C00032,Saanvi Singh,Male,41,Lucknow,Uttar Pradesh,North
C00033,Meera Mehta,Male,56,Bengaluru,Karnataka,South
C00034,Aditi Sharma,Male,41,Kolkata,West Bengal,East
C00035,Rohan Sharma,Male,54,Chennai,Tamil Nadu,South
C00036,Aditya Yadav,Female,22,Mumbai,Maharashtra,West
C00037,Aryan Patel,Female,53,Lucknow,Uttar Pradesh,North
C00038,Rahul Mehta,Female,31,Bengaluru,Karnataka,South
C00039,Ishaan Yadav,Female,43,Lucknow,Uttar Pradesh,North
C00040,Karan Mehta,Female,25,Kolkata,West Bengal,East
C00041,Rohan Verma,Female,19,Hyderabad,Telangana,South
C00042,Meera Singh,Male,18,Guwahati,Assam,East
C00043,Vivaan Singh,Male,20,Mumbai,Maharashtra,West
C00044,Aditya Mehta,Male,35,Kolkata,West Bengal,East
C00045,Ishaan Mehta,Male,64,Jaipur,Rajasthan,North
C00046,Riya Joshi,Male,48,Guwahati,Assam,East
C00047,Ishaan Verma,Male,60,Pune,Maharashtra,West
C00048,Priya Roy,Female,47,Pune,Maharashtra,West
C00049,Arjun Sharma,Female,64,Delhi,Delhi,North
C00050,Arjun Singh,Male,30,Kolkata,West Bengal,East
C00051,Karan Patel,Female,29,Lucknow,Uttar Pradesh,North
C00052,Karan Singh,Male,46,Chennai,Tamil Nadu,South
C00053,Arjun Sharma,Male,23,Lucknow,Uttar Pradesh,North
C00054,Vihaan Roy,Female,48,Hyderabad,Telangana,South
C00055,Sneha Sharma,Male,42,Hyderabad,Telangana,South
C00056,Sneha Gupta,Female,36,Delhi,Delhi,North
C00057,Meera Kumar,Female,27,Pune,Maharashtra,West
C00058,Ananya Singh,Male,55,Hyderabad,Telangana,South
C00059,Vivaan Yadav,Female,21,Lucknow,Uttar Pradesh,North
C00060,Riya Joshi,Male,21,Delhi,Delhi,North
C00061,Aditya Patel,Male,56,Lucknow,Uttar Pradesh,North
C00062,Rohan Roy,Male,54,Mumbai,Maharashtra,West
C00063,Riya Nair,Male,57,Hyderabad,Telangana,South
C00064,Neha Kumar,Female,34,Mumbai,Maharashtra,West
C00065,Diya Singh,Female,43,Hyderabad,Telangana,South
C00066,Ananya Joshi,Female,22,Bengaluru,Karnataka,South
C00067,Karan Nair,Male,22,Delhi,Delhi,North
C00068,Ishaan Mehta,Female,26,Lucknow,Uttar Pradesh,North
C00069,Aditya Singh,Female,36,Kolkata,West Bengal,East
C00070,Karan Mehta,Female,57,Bengaluru,Karnataka,South
C00071,Aarav Kumar,Female,60,Lucknow,Uttar Pradesh,North
C00072,Aryan Gupta,Male,24,Mumbai,Maharashtra,West
C00073,Aryan Gupta,Female,56,Lucknow,Uttar Pradesh,North
C00074,Diya Singh,Female,50,Hyderabad,Telangana,South
C00075,Rahul Sharma,Male,58,Jaipur,Rajasthan,North
C00076,Rahul Sharma,Male,39,Pune,Maharashtra,West
C00077,Rahul Patel,Female,53,Bengaluru,Karnataka,South
C00078,Meera Sharma,Male,22,Pune,Maharashtra,West
C00079,Meera Sharma,Female,55,Bengaluru,Karnataka,South
C00080,Aryan Roy,Male,20,Lucknow,Uttar Pradesh,North
C00081,Priya Sharma,Female,31,Chennai,Tamil Nadu,South
C00082,Arjun Das,Female,57,Hyderabad,Telangana,South
C00083,Rohan Patel,Male,44,Bengaluru,Karnataka,South
C00084,Vihaan Yadav,Female,44,Delhi,Delhi,North
C00085,Rahul Patel,Male,42,Hyderabad,Telangana,South
C00086,Aditi Singh,Male,47,Delhi,Delhi,North
C00087,Ananya Singh,Male,19,Kolkata,West Bengal,East
C00088,Sneha Das,Female,22,Hyderabad,Telangana,South
C00089,Priya Kumar,Female,61,Chennai,Tamil Nadu,South
C00090,Diya Sharma,Male,34,Lucknow,Uttar Pradesh,North
C00091,Riya Gupta,Male,24,Bengaluru,Karnataka,South
C00092,Neha Das,Female,45,Guwahati,Assam,East
C00093,Kabir Verma,Female,54,Guwahati,Assam,East
C00094,Rahul Sharma,Female,18,Hyderabad,Telangana,South
C00095,Meera Kumar,Male,41,Lucknow,Uttar Pradesh,North
C00096,Aditya Kumar,Female,57,Pune,Maharashtra,West
C00097,Arjun Yadav,Female,50,Kolkata,West Bengal,East
C00098,Neha Das,Female,62,Chennai,Tamil Nadu,South
C00099,Meera Patel,Male,44,Chennai,Tamil Nadu,South
C00100,Vihaan Nair,Female,43,Pune,Maharashtra,West
C00101,Aarav Gupta,Female,31,Lucknow,Uttar Pradesh,North
C00102,Riya Nair,Female,47,Pune,Maharashtra,West
C00103,Karan Kumar,Male,50,Jaipur,Rajasthan,North
C00104,Vihaan Kumar,Male,36,Jaipur,Rajasthan,North
C00105,Saanvi Das,Male,33,Lucknow,Uttar Pradesh,North
C00106,Rohan Singh,Male,19,Chennai,Tamil Nadu,South
C00107,Rohan Joshi,Male,47,Delhi,Delhi,North
C00108,Riya Singh,Female,49,Pune,Maharashtra,West
C00109,Rohan Patel,Male,24,Pune,Maharashtra,West
C00110,Rohan Patel,Female,21,Pune,Maharashtra,West
C00111,Rohan Verma,Female,26,Lucknow,Uttar Pradesh,North
C00112,Kabir Mehta,Female,46,Jaipur,Rajasthan,North
C00113,Kabir Roy,Female,28,Guwahati,Assam,East
C00114,Karan Gupta,Male,58,Jaipur,Rajasthan,North
C00115,Kabir Joshi,Male,35,Chennai,Tamil Nadu,South
C00116,Aditya Yadav,Female,33,Jaipur,Rajasthan,North
C00117,Diya Das,Male,26,Chennai,Tamil Nadu,South
C00118,Rohan Roy,Male,63,Bengaluru,Karnataka,South
C00119,Aditya Roy,Female,39,Hyderabad,Telangana,South
C00120,Karan Roy,Male,31,Lucknow,Uttar Pradesh,North
C00121,Sneha Nair,Male,54,Pune,Maharashtra,West
C00122,Aditi Sharma,Female,37,Pune,Maharashtra,West
C00123,Neha Mehta,Male,49,Pune,Maharashtra,West
C00124,Rahul Roy,Female,19,Hyderabad,Telangana,South
C00125,Diya Kumar,Female,64,Pune,Maharashtra,West
C00126,Karan Patel,Male,43,Bengaluru,Karnataka,South
C00127,Riya Kumar,Male,23,Guwahati,Assam,East
C00128,Aryan Joshi,Male,21,Pune,Maharashtra,West
C00129,Sneha Das,Male,47,Chennai,Tamil Nadu,South
C00130,Diya Roy,Female,44,Kolkata,West Bengal,East
C00131,Aditya Joshi,Male,65,Chennai,Tamil Nadu,South
C00132,Vivaan Das,Male,59,Lucknow,Uttar Pradesh,North
C00133,Vivaan Sharma,Male,30,Mumbai,Maharashtra,West
C00134,Saanvi Patel,Male,26,Delhi,Delhi,North
C00135,Arjun Nair,Male,47,Jaipur,Rajasthan,North
C00136,Priya Patel,Male,28,Chennai,Tamil Nadu,South
C00137,Arjun Nair,Male,37,Chennai,Tamil Nadu,South
C00138,Sneha Roy,Male,22,Guwahati,Assam,East
C00139,Rohan Verma,Female,61,Guwahati,Assam,East
C00140,Arjun Nair,Male,40,Guwahati,Assam,East
C00141,Neha Kumar,Female,22,Lucknow,Uttar Pradesh,North
C00142,Diya Sharma,Female,49,Lucknow,Uttar Pradesh,North
C00143,Neha Das,Female,63,Mumbai,Maharashtra,West
C00144,Neha Patel,Female,57,Bengaluru,Karnataka,South
C00145,Aditi Joshi,Female,64,Lucknow,Uttar Pradesh,North
C00146,Rahul Das,Male,23,Guwahati,Assam,East
C00147,Karan Singh,Female,54,Chennai,Tamil Nadu,South
C00148,Sneha Das,Male,49,Guwahati,Assam,East
C00149,Vihaan Joshi,Male,40,Kolkata,West Bengal,East
C00150,Diya Gupta,Female,53,Chennai,Tamil Nadu,South
C00151,Kabir Singh,Male,33,Delhi,Delhi,North
C00152,Aditi Mehta,Male,62,Pune,Maharashtra,West
C00153,Aditi Joshi,Male,23,Jaipur,Rajasthan,North
C00154,Rohan Roy,Male,37,Chennai,Tamil Nadu,South
C00155,Priya Joshi,Female,45,Guwahati,Assam,East
C00156,Diya Das,Female,35,Lucknow,Uttar Pradesh,North
C00157,Rahul Singh,Male,64,Chennai,Tamil Nadu,South
C00158,Diya Verma,Male,30,Hyderabad,Telangana,South
C00159,Aditi Gupta,Female,24,Hyderabad,Telangana,South
C00160,Ananya Singh,Female,29,Hyderabad,Telangana,South
C00161,Aarav Yadav,Male,35,Chennai,Tamil Nadu,South
C00162,Vivaan Mehta,Female,62,Delhi,Delhi,North
C00163,Aditi Verma,Male,54,Bengaluru,Karnataka,South
C00164,Aditi Joshi,Female,39,Chennai,Tamil Nadu,South
C00165,Vivaan Gupta,Female,25,Bengaluru,Karnataka,South
C00166,Sneha Joshi,Male,54,Mumbai,Maharashtra,West
C00167,Aryan Patel,Female,23,Delhi,Delhi,North
C00168,Arjun Mehta,Female,56,Hyderabad,Telangana,South
C00169,Saanvi Singh,Female,46,Guwahati,Assam,East
C00170,Ananya Nair,Female,37,Jaipur,Rajasthan,North
C00171,Saanvi Sharma,Male,31,Guwahati,Assam,East
C00172,Rahul Kumar,Male,28,Hyderabad,Telangana,South
C00173,Vihaan Mehta,Male,28,Hyderabad,Telangana,South
C00174,Neha Joshi,Female,36,Delhi,Delhi,North
C00175,Rohan Gupta,Female,62,Delhi,Delhi,North
C00176,Aditya Kumar,Male,34,Jaipur,Rajasthan,North
C00177,Ishaan Roy,Male,52,Guwahati,Assam,East
C00178,Aryan Gupta,Male,22,Hyderabad,Telangana,South
C00179,Vihaan Gupta,Female,46,Delhi,Delhi,North
C00180,Karan Yadav,Female,62,Mumbai,Maharashtra,West
C00181,Rahul Mehta,Female,46,Pune,Maharashtra,West
C00182,Saanvi Sharma,Female,65,Mumbai,Maharashtra,West
C00183,Saanvi Gupta,Male,23,Kolkata,West Bengal,East
C00184,Riya Nair,Male,61,Hyderabad,Telangana,South
C00185,Riya Sharma,Male,48,Chennai,Tamil Nadu,South
C00186,Karan Gupta,Male,55,Lucknow,Uttar Pradesh,North
C00187,Aditi Verma,Female,40,Pune,Maharashtra,West
C00188,Diya Das,Male,28,Pune,Maharashtra,West
C00189,Neha Yadav,Female,36,Kolkata,West Bengal,East
C00190,Meera Sharma,Female,23,Pune,Maharashtra,West
C00191,Rahul Das,Male,43,Kolkata,West Bengal,East
C00192,Aarav Kumar,Female,44,Lucknow,Uttar Pradesh,North
C00193,Ishaan Mehta,Female,57,Delhi,Delhi,North
C00194,Karan Sharma,Male,35,Jaipur,Rajasthan,North
C00195,Aryan Gupta,Female,62,Lucknow,Uttar Pradesh,North
C00196,Arjun Sharma,Male,63,Jaipur,Rajasthan,North
C00197,Ananya Mehta,Male,53,Bengaluru,Karnataka,South
C00198,Aditya Singh,Male,47,Pune,Maharashtra,West
C00199,Aryan Joshi,Female,50,Mumbai,Maharashtra,West
C00200,Neha Joshi,Female,33,Chennai,Tamil Nadu,South
C00201,Meera Patel,Female,30,Jaipur,Rajasthan,North
C00202,Kabir Yadav,Male,22,Guwahati,Assam,East
C00203,Neha Das,Female,18,Chennai,Tamil Nadu,South
C00204,Ananya Nair,Female,27,Chennai,Tamil Nadu,South
C00205,Meera Joshi,Female,39,Jaipur,Rajasthan,North
C00206,Meera Roy,Female,38,Lucknow,Uttar Pradesh,North
C00207,Rohan Nair,Female,32,Hyderabad,Telangana,South
C00208,Vivaan Das,Female,63,Pune,Maharashtra,West
C00209,Sneha Kumar,Male,49,Pune,Maharashtra,West
C00210,Aryan Mehta,Female,24,Delhi,Delhi,North
C00211,Arjun Mehta,Female,18,Jaipur,Rajasthan,North
C00212,Neha Kumar,Male,22,Bengaluru,Karnataka,South
C00213,Rahul Das,Female,59,Jaipur,Rajasthan,North
C00214,Diya Kumar,Female,38,Mumbai,Maharashtra,West
C00215,Meera Sharma,Male,33,Jaipur,Rajasthan,North
C00216,Rohan Yadav,Male,45,Chennai,Tamil Nadu,South
C00217,Arjun Joshi,Male,62,Mumbai,Maharashtra,West
C00218,Aarav Sharma,Female,21,Chennai,Tamil Nadu,South
C00219,Priya Das,Female,27,Chennai,Tamil Nadu,South
C00220,Kabir Roy,Male,28,Hyderabad,Telangana,South
C00221,Aditya Nair,Female,57,Bengaluru,Karnataka,South
C00222,Aditi Nair,Male,32,Hyderabad,Telangana,South
C00223,Rahul Joshi,Female,60,Jaipur,Rajasthan,North
C00224,Karan Gupta,Male,22,Delhi,Delhi,North
C00225,Priya Nair,Female,58,Jaipur,Rajasthan,North
C00226,Rahul Joshi,Female,30,Pune,Maharashtra,West
C00227,Aditi Verma,Male,42,Pune,Maharashtra,West
C00228,Priya Nair,Female,62,Guwahati,Assam,East
C00229,Aarav Kumar,Female,35,Chennai,Tamil Nadu,South
C00230,Riya Kumar,Male,56,Delhi,Delhi,North
C00231,Ananya Singh,Female,32,Jaipur,Rajasthan,North
C00232,Saanvi Gupta,Male,58,Hyderabad,Telangana,South
C00233,Vivaan Gupta,Female,20,Mumbai,Maharashtra,West
C00234,Priya Yadav,Male,23,Guwahati,Assam,East
C00235,Diya Yadav,Female,29,Chennai,Tamil Nadu,South
C00236,Aryan Mehta,Female,51,Hyderabad,Telangana,South
C00237,Rahul Patel,Female,48,Lucknow,Uttar Pradesh,North
C00238,Diya Verma,Female,22,Chennai,Tamil Nadu,South
C00239,Rohan Kumar,Female,53,Bengaluru,Karnataka,South
C00240,Aditya Roy,Male,34,Kolkata,West Bengal,East
C00241,Arjun Joshi,Female,61,Lucknow,Uttar Pradesh,North
C00242,Riya Roy,Female,24,Chennai,Tamil Nadu,South
C00243,Aditi Sharma,Female,57,Hyderabad,Telangana,South
C00244,Aditya Kumar,Female,62,Hyderabad,Telangana,South
C00245,Neha Verma,Male,20,Chennai,Tamil Nadu,South
C00246,Ananya Joshi,Male,24,Delhi,Delhi,North
C00247,Meera Patel,Female,47,Hyderabad,Telangana,South
C00248,Meera Roy,Male,44,Kolkata,West Bengal,East
C00249,Aditi Nair,Female,35,Mumbai,Maharashtra,West
C00250,Priya Singh,Female,46,Delhi,Delhi,North
C00251,Priya Verma,Female,52,Hyderabad,Telangana,South
C00252,Vivaan Roy,Female,30,Kolkata,West Bengal,East
C00253,Karan Verma,Male,59,Mumbai,Maharashtra,West
C00254,Aarav Sharma,Female,33,Guwahati,Assam,East
C00255,Riya Singh,Male,53,Bengaluru,Karnataka,South
C00256,Riya Singh,Male,39,Hyderabad,Telangana,South
C00257,Saanvi Sharma,Female,27,Bengaluru,Karnataka,South
C00258,Meera Gupta,Male,25,Bengaluru,Karnataka,South
C00259,Aryan Sharma,Female,33,Delhi,Delhi,North
C00260,Diya Sharma,Male,34,Guwahati,Assam,East
C00261,Aryan Yadav,Female,51,Delhi,Delhi,North
C00262,Aditya Joshi,Female,41,Mumbai,Maharashtra,West
C00263,Riya Verma,Female,50,Lucknow,Uttar Pradesh,North
C00264,Saanvi Sharma,Female,47,Hyderabad,Telangana,South
C00265,Vivaan Joshi,Female,45,Delhi,Delhi,North
C00266,Aditi Yadav,Female,22,Mumbai,Maharashtra,West
C00267,Diya Nair,Male,22,Mumbai,Maharashtra,West
C00268,Rahul Nair,Female,42,Bengaluru,Karnataka,South
C00269,Kabir Gupta,Female,50,Guwahati,Assam,East
C00270,Neha Verma,Male,59,Guwahati,Assam,East
C00271,Ishaan Roy,Female,32,Lucknow,Uttar Pradesh,North
C00272,Diya Joshi,Female,44,Pune,Maharashtra,West
C00273,Diya Roy,Female,60,Mumbai,Maharashtra,West
C00274,Priya Patel,Female,22,Chennai,Tamil Nadu,South
C00275,Aditya Verma,Female,24,Mumbai,Maharashtra,West
C00276,Aryan Mehta,Male,55,Kolkata,West Bengal,East
C00277,Meera Das,Male,44,Lucknow,Uttar Pradesh,North
C00278,Neha Yadav,Male,36,Kolkata,West Bengal,East
C00279,Ananya Das,Male,54,Guwahati,Assam,East
C00280,Ishaan Patel,Female,32,Lucknow,Uttar Pradesh,North
C00281,Priya Mehta,Female,25,Mumbai,Maharashtra,West
C00282,Riya Singh,Female,53,Chennai,Tamil Nadu,South
C00283,Saanvi Kumar,Male,56,Guwahati,Assam,East
C00284,Aarav Patel,Female,62,Chennai,Tamil Nadu,South
C00285,Diya Das,Male,29,Chennai,Tamil Nadu,South
C00286,Riya Kumar,Female,22,Bengaluru,Karnataka,South
C00287,Aarav Verma,Male,42,Bengaluru,Karnataka,South
C00288,Karan Das,Male,41,Pune,Maharashtra,West
C00289,Diya Nair,Male,21,Chennai,Tamil Nadu,South
C00290,Vihaan Nair,Male,61,Bengaluru,Karnataka,South
C00291,Rahul Joshi,Female,49,Mumbai,Maharashtra,West
C00292,Karan Roy,Female,31,Guwahati,Assam,East
C00293,Arjun Das,Female,25,Lucknow,Uttar Pradesh,North
C00294,Riya Joshi,Female,20,Chennai,Tamil Nadu,South
C00295,Sneha Nair,Male,18,Hyderabad,Telangana,South
C00296,Ananya Singh,Male,34,Hyderabad,Telangana,South
C00297,Diya Verma,Male,49,Chennai,Tamil Nadu,South
C00298,Vihaan Patel,Female,52,Pune,Maharashtra,West
C00299,Kabir Mehta,Female,22,Hyderabad,Telangana,South
C00300,Vivaan Roy,Male,47,Pune,Maharashtra,West
C00301,Diya Nair,Female,54,Mumbai,Maharashtra,West
C00302,Neha Gupta,Male,43,Pune,Maharashtra,West
C00303,Diya Patel,Female,62,Delhi,Delhi,North
C00304,Aditya Roy,Male,33,Kolkata,West Bengal,East
C00305,Riya Roy,Male,43,Pune,Maharashtra,West
C00306,Diya Singh,Female,28,Chennai,Tamil Nadu,South
C00307,Kabir Kumar,Male,51,Mumbai,Maharashtra,West
C00308,Ishaan Das,Female,64,Lucknow,Uttar Pradesh,North
C00309,Rohan Verma,Male,34,Bengaluru,Karnataka,South
C00310,Vihaan Nair,Male,59,Hyderabad,Telangana,South
C00311,Vihaan Kumar,Female,47,Mumbai,Maharashtra,West
C00312,Riya Joshi,Female,58,Guwahati,Assam,East
C00313,Aryan Joshi,Male,48,Kolkata,West Bengal,East
C00314,Ananya Gupta,Male,40,Jaipur,Rajasthan,North
C00315,Aditya Gupta,Female,46,Lucknow,Uttar Pradesh,North
C00316,Vivaan Das,Female,22,Delhi,Delhi,North
C00317,Saanvi Nair,Female,47,Mumbai,Maharashtra,West
C00318,Meera Yadav,Male,46,Guwahati,Assam,East
C00319,Ishaan Das,Female,50,Guwahati,Assam,East
C00320,Vivaan Joshi,Male,39,Bengaluru,Karnataka,South
C00321,Kabir Kumar,Male,20,Mumbai,Maharashtra,West
C00322,Karan Joshi,Male,41,Hyderabad,Telangana,South
C00323,Ananya Roy,Female,39,Kolkata,West Bengal,East
C00324,Vivaan Kumar,Female,22,Guwahati,Assam,East
C00325,Arjun Mehta,Female,36,Kolkata,West Bengal,East
C00326,Saanvi Patel,Female,23,Chennai,Tamil Nadu,South
C00327,Aryan Das,Female,59,Guwahati,Assam,East
C00328,Aryan Nair,Male,37,Pune,Maharashtra,West
C00329,Sneha Kumar,Female,26,Lucknow,Uttar Pradesh,North
C00330,Aditya Kumar,Female,50,Lucknow,Uttar Pradesh,North
C00331,Aarav Das,Female,29,Kolkata,West Bengal,East
C00332,Diya Joshi,Male,32,Hyderabad,Telangana,South
C00333,Aryan Verma,Female,24,Bengaluru,Karnataka,South
C00334,Meera Yadav,Male,60,Lucknow,Uttar Pradesh,North
C00335,Saanvi Patel,Female,27,Kolkata,West Bengal,East
C00336,Vihaan Yadav,Male,64,Bengaluru,Karnataka,South
C00337,Vivaan Roy,Female,61,Jaipur,Rajasthan,North
C00338,Karan Nair,Female,65,Hyderabad,Telangana,South
C00339,Rohan Mehta,Male,37,Jaipur,Rajasthan,North
C00340,Ishaan Das,Female,47,Jaipur,Rajasthan,North
C00341,Sneha Mehta,Female,28,Chennai,Tamil Nadu,South
C00342,Saanvi Patel,Female,21,Hyderabad,Telangana,South
C00343,Priya Mehta,Male,63,Jaipur,Rajasthan,North
C00344,Arjun Gupta,Male,28,Lucknow,Uttar Pradesh,North
C00345,Karan Mehta,Male,45,Chennai,Tamil Nadu,South
C00346,Rohan Joshi,Female,19,Mumbai,Maharashtra,West
C00347,Vivaan Roy,Female,33,Pune,Maharashtra,West
C00348,Aditya Das,Male,19,Pune,Maharashtra,West
C00349,Arjun Yadav,Female,27,Kolkata,West Bengal,East
C00350,Vivaan Gupta,Female,62,Bengaluru,Karnataka,South
C00351,Aditi Joshi,Male,23,Bengaluru,Karnataka,South
C00352,Rahul Singh,Male,53,Delhi,Delhi,North
C00353,Kabir Roy,Male,36,Guwahati,Assam,East
C00354,Ananya Verma,Male,33,Hyderabad,Telangana,South
C00355,Saanvi Joshi,Male,25,Pune,Maharashtra,West
C00356,Saanvi Mehta,Male,58,Jaipur,Rajasthan,North
C00357,Riya Singh,Male,36,Lucknow,Uttar Pradesh,North
C00358,Aarav Nair,Female,33,Pune,Maharashtra,West
C00359,Neha Patel,Male,51,Guwahati,Assam,East
C00360,Aditya Mehta,Male,42,Kolkata,West Bengal,East
C00361,Vivaan Kumar,Female,41,Jaipur,Rajasthan,North
C00362,Aarav Das,Male,40,Chennai,Tamil Nadu,South
C00363,Arjun Nair,Female,26,Hyderabad,Telangana,South
C00364,Priya Mehta,Female,59,Delhi,Delhi,North
C00365,Karan Yadav,Female,58,Bengaluru,Karnataka,South
C00366,Aryan Verma,Female,20,Bengaluru,Karnataka,South
C00367,Ishaan Sharma,Male,20,Chennai,Tamil Nadu,South
C00368,Ananya Mehta,Female,52,Kolkata,West Bengal,East
C00369,Rahul Sharma,Male,36,Jaipur,Rajasthan,North
C00370,Vivaan Kumar,Female,35,Kolkata,West Bengal,East
C00371,Priya Roy,Female,65,Mumbai,Maharashtra,West
C00372,Sneha Das,Male,49,Jaipur,Rajasthan,North
C00373,Priya Mehta,Female,23,Jaipur,Rajasthan,North
C00374,Aditya Roy,Male,52,Pune,Maharashtra,West
C00375,Diya Verma,Male,38,Chennai,Tamil Nadu,South
C00376,Ananya Joshi,Female,28,Chennai,Tamil Nadu,South
C00377,Priya Joshi,Male,64,Jaipur,Rajasthan,North
C00378,Saanvi Roy,Female,58,Kolkata,West Bengal,East
C00379,Aditya Kumar,Female,41,Delhi,Delhi,North
C00380,Vihaan Sharma,Male,56,Lucknow,Uttar Pradesh,North
C00381,Vivaan Patel,Male,33,Jaipur,Rajasthan,North
C00382,Priya Roy,Male,56,Kolkata,West Bengal,East
C00383,Karan Das,Female,46,Bengaluru,Karnataka,South
C00384,Riya Patel,Female,43,Mumbai,Maharashtra,West
C00385,Rahul Singh,Male,19,Kolkata,West Bengal,East
C00386,Aditi Mehta,Female,53,Bengaluru,Karnataka,South
C00387,Rahul Gupta,Female,31,Mumbai,Maharashtra,West
C00388,Ananya Yadav,Female,30,Guwahati,Assam,East
C00389,Aryan Verma,Female,29,Mumbai,Maharashtra,West
C00390,Aditya Kumar,Female,60,Jaipur,Rajasthan,North
C00391,Aditya Mehta,Female,37,Kolkata,West Bengal,East
C00392,Vihaan Das,Male,25,Bengaluru,Karnataka,South
C00393,Aryan Singh,Female,19,Hyderabad,Telangana,South
C00394,Meera Nair,Female,47,Kolkata,West Bengal,East
C00395,Aryan Nair,Male,22,Lucknow,Uttar Pradesh,North
C00396,Sneha Yadav,Female,51,Chennai,Tamil Nadu,South
C00397,Neha Nair,Male,26,Pune,Maharashtra,West
C00398,Aditya Joshi,Female,61,Kolkata,West Bengal,East
C00399,Priya Patel,Male,26,Lucknow,Uttar Pradesh,North
C00400,Kabir Sharma,Male,51,Pune,Maharashtra,West
C00401,Ananya Patel,Male,38,Bengaluru,Karnataka,South
C00402,Priya Mehta,Female,23,Hyderabad,Telangana,South
C00403,Ishaan Kumar,Female,26,Chennai,Tamil Nadu,South
C00404,Saanvi Mehta,Male,50,Chennai,Tamil Nadu,South
C00405,Riya Nair,Male,28,Bengaluru,Karnataka,South
C00406,Saanvi Das,Male,19,Guwahati,Assam,East
C00407,Vivaan Kumar,Female,59,Mumbai,Maharashtra,West
C00408,Riya Roy,Male,49,Hyderabad,Telangana,South
C00409,Ananya Kumar,Female,48,Lucknow,Uttar Pradesh,North
C00410,Sneha Gupta,Female,22,Hyderabad,Telangana,South
C00411,Vihaan Joshi,Female,48,Delhi,Delhi,North
C00412,Ishaan Das,Male,38,Jaipur,Rajasthan,North
C00413,Priya Roy,Male,41,Kolkata,West Bengal,East
C00414,Meera Verma,Female,33,Lucknow,Uttar Pradesh,North
C00415,Arjun Gupta,Female,33,Jaipur,Rajasthan,North
C00416,Arjun Sharma,Female,42,Bengaluru,Karnataka,South
C00417,Neha Singh,Male,38,Guwahati,Assam,East
C00418,Diya Singh,Male,49,Guwahati,Assam,East
C00419,Karan Joshi,Female,49,Lucknow,Uttar Pradesh,North
C00420,Aditya Roy,Female,33,Delhi,Delhi,North
C00421,Riya Das,Male,21,Hyderabad,Telangana,South
C00422,Aditi Nair,Female,36,Chennai,Tamil Nadu,South
C00423,Aarav Verma,Female,26,Lucknow,Uttar Pradesh,North
C00424,Priya Roy,Female,20,Chennai,Tamil Nadu,South
C00425,Vivaan Nair,Male,41,Pune,Maharashtra,West
C00426,Ananya Verma,Female,50,Lucknow,Uttar Pradesh,North
C00427,Meera Gupta,Male,26,Jaipur,Rajasthan,North
C00428,Sneha Das,Female,53,Mumbai,Maharashtra,West
C00429,Aryan Singh,Female,50,Kolkata,West Bengal,East
C00430,Vivaan Sharma,Male,63,Delhi,Delhi,North
C00431,Aditi Mehta,Female,27,Kolkata,West Bengal,East
C00432,Kabir Patel,Female,57,Guwahati,Assam,East
C00433,Vihaan Roy,Female,55,Kolkata,West Bengal,East
C00434,Kabir Mehta,Female,63,Kolkata,West Bengal,East
C00435,Ananya Joshi,Male,41,Guwahati,Assam,East
C00436,Arjun Roy,Female,64,Kolkata,West Bengal,East
C00437,Saanvi Joshi,Female,59,Delhi,Delhi,North
C00438,Riya Singh,Male,55,Guwahati,Assam,East
C00439,Vihaan Mehta,Female,27,Jaipur,Rajasthan,North
C00440,Vivaan Nair,Male,30,Hyderabad,Telangana,South
C00441,Karan Das,Female,27,Delhi,Delhi,North
C00442,Ishaan Roy,Female,65,Pune,Maharashtra,West
C00443,Aryan Mehta,Male,53,Delhi,Delhi,North
C00444,Aditi Mehta,Female,38,Kolkata,West Bengal,East
C00445,Karan Mehta,Female,52,Bengaluru,Karnataka,South
C00446,Rahul Nair,Female,30,Kolkata,West Bengal,East
C00447,Rahul Mehta,Female,32,Hyderabad,Telangana,South
C00448,Ananya Yadav,Male,62,Chennai,Tamil Nadu,South
C00449,Diya Joshi,Female,53,Jaipur,Rajasthan,North
C00450,Ananya Verma,Female,43,Chennai,Tamil Nadu,South
C00451,Aryan Gupta,Male,36,Kolkata,West Bengal,East
C00452,Priya Joshi,Female,65,Mumbai,Maharashtra,West
C00453,Ishaan Singh,Female,53,Jaipur,Rajasthan,North
C00454,Aryan Verma,Male,33,Chennai,Tamil Nadu,South
C00455,Kabir Singh,Male,21,Delhi,Delhi,North
C00456,Neha Das,Female,24,Mumbai,Maharashtra,West
C00457,Aarav Mehta,Male,44,Bengaluru,Karnataka,South
C00458,Aditi Kumar,Male,36,Jaipur,Rajasthan,North
C00459,Ananya Kumar,Male,23,Kolkata,West Bengal,East
C00460,Rohan Mehta,Male,29,Guwahati,Assam,East
C00461,Vihaan Sharma,Female,49,Pune,Maharashtra,West
C00462,Ananya Sharma,Male,37,Bengaluru,Karnataka,South
C00463,Saanvi Verma,Female,36,Guwahati,Assam,East
C00464,Meera Mehta,Female,26,Jaipur,Rajasthan,North
C00465,Karan Gupta,Male,25,Lucknow,Uttar Pradesh,North
C00466,Vihaan Yadav,Female,59,Kolkata,West Bengal,East
C00467,Vihaan Sharma,Female,36,Chennai,Tamil Nadu,South
C00468,Ishaan Patel,Female,45,Guwahati,Assam,East
C00469,Diya Verma,Female,60,Lucknow,Uttar Pradesh,North
C00470,Vihaan Patel,Female,38,Mumbai,Maharashtra,West
C00471,Aarav Gupta,Female,33,Hyderabad,Telangana,South
C00472,Rahul Das,Female,55,Jaipur,Rajasthan,North
C00473,Aarav Gupta,Female,62,Guwahati,Assam,East
C00474,Vivaan Kumar,Male,47,Hyderabad,Telangana,South
C00475,Vihaan Roy,Female,62,Chennai,Tamil Nadu,South
C00476,Ananya Das,Male,32,Mumbai,Maharashtra,West
C00477,Aditi Patel,Female,65,Bengaluru,Karnataka,South
C00478,Priya Roy,Female,52,Guwahati,Assam,East
C00479,Rohan Kumar,Male,51,Hyderabad,Telangana,South
C00480,Kabir Yadav,Female,22,Jaipur,Rajasthan,North
C00481,Arjun Sharma,Male,54,Guwahati,Assam,East
C00482,Aryan Patel,Female,51,Lucknow,Uttar Pradesh,North
C00483,Arjun Kumar,Male,63,Jaipur,Rajasthan,North
C00484,Aditi Verma,Female,21,Guwahati,Assam,East
C00485,Aryan Mehta,Female,47,Jaipur,Rajasthan,North
C00486,Vivaan Mehta,Female,61,Guwahati,Assam,East
C00487,Aarav Roy,Female,18,Chennai,Tamil Nadu,South
C00488,Riya Verma,Male,45,Hyderabad,Telangana,South
C00489,Aditya Mehta,Male,22,Kolkata,West Bengal,East
C00490,Vivaan Gupta,Female,29,Jaipur,Rajasthan,North
C00491,Neha Das,Female,46,Bengaluru,Karnataka,South
C00492,Sneha Verma,Male,59,Pune,Maharashtra,West
C00493,Arjun Patel,Female,51,Kolkata,West Bengal,East
C00494,Rohan Sharma,Male,37,Bengaluru,Karnataka,South
C00495,Meera Roy,Female,32,Jaipur,Rajasthan,North
C00496,Karan Das,Male,35,Hyderabad,Telangana,South
C00497,Arjun Sharma,Female,57,Hyderabad,Telangana,South
C00498,Rohan Singh,Male,24,Delhi,Delhi,North
C00499,Vivaan Joshi,Male,33,Guwahati,Assam,East
C00500,Sneha Joshi,Male,52,Delhi,Delhi,North
C00501,Vivaan Patel,Female,32,Hyderabad,Telangana,South
C00502,Diya Nair,Female,33,Guwahati,Assam,East
C00503,Aryan Kumar,Male,44,Chennai,Tamil Nadu,South
C00504,Rahul Sharma,Male,58,Chennai,Tamil Nadu,South
C00505,Meera Joshi,Male,40,Pune,Maharashtra,West
C00506,Kabir Das,Female,44,Pune,Maharashtra,West
C00507,Ananya Roy,Male,52,Bengaluru,Karnataka,South
C00508,Rohan Singh,Female,63,Jaipur,Rajasthan,North
C00509,Karan Sharma,Female,44,Bengaluru,Karnataka,South
C00510,Kabir Patel,Female,33,Lucknow,Uttar Pradesh,North
C00511,Ishaan Das,Male,46,Chennai,Tamil Nadu,South
C00512,Aditya Mehta,Male,21,Kolkata,West Bengal,East
C00513,Sneha Kumar,Male,22,Chennai,Tamil Nadu,South
C00514,Riya Yadav,Male,48,Hyderabad,Telangana,South
C00515,Diya Gupta,Male,31,Hyderabad,Telangana,South
C00516,Arjun Yadav,Female,33,Hyderabad,Telangana,South
C00517,Ishaan Roy,Male,53,Guwahati,Assam,East
C00518,Ananya Roy,Female,52,Kolkata,West Bengal,East
C00519,Ananya Gupta,Female,50,Kolkata,West Bengal,East
C00520,Karan Verma,Female,38,Jaipur,Rajasthan,North
C00521,Priya Das,Female,20,Hyderabad,Telangana,South
C00522,Rohan Yadav,Male,19,Guwahati,Assam,East
C00523,Meera Nair,Female,36,Chennai,Tamil Nadu,South
C00524,Ishaan Das,Male,42,Bengaluru,Karnataka,South
C00525,Rohan Joshi,Female,34,Guwahati,Assam,East
C00526,Aditi Joshi,Male,64,Jaipur,Rajasthan,North
C00527,Vihaan Patel,Female,29,Kolkata,West Bengal,East
C00528,Vivaan Mehta,Male,22,Lucknow,Uttar Pradesh,North
C00529,Aarav Roy,Male,58,Delhi,Delhi,North
C00530,Aditya Yadav,Male,18,Hyderabad,Telangana,South
C00531,Kabir Joshi,Female,21,Hyderabad,Telangana,South
C00532,Saanvi Joshi,Female,19,Guwahati,Assam,East
C00533,Meera Mehta,Female,18,Delhi,Delhi,North
C00534,Kabir Yadav,Female,52,Delhi,Delhi,North
C00535,Aarav Mehta,Female,29,Chennai,Tamil Nadu,South
C00536,Arjun Mehta,Male,33,Mumbai,Maharashtra,West
C00537,Saanvi Mehta,Female,40,Hyderabad,Telangana,South
C00538,Sneha Verma,Female,43,Chennai,Tamil Nadu,South
C00539,Riya Singh,Male,37,Jaipur,Rajasthan,North
C00540,Vivaan Verma,Female,42,Mumbai,Maharashtra,West
C00541,Meera Joshi,Male,58,Pune,Maharashtra,West
C00542,Vihaan Verma,Female,45,Delhi,Delhi,North
C00543,Riya Verma,Male,32,Kolkata,West Bengal,East
C00544,Riya Joshi,Female,20,Hyderabad,Telangana,South
C00545,Rahul Mehta,Male,29,Mumbai,Maharashtra,West
C00546,Aarav Singh,Male,63,Kolkata,West Bengal,East
C00547,Aditya Gupta,Male,54,Pune,Maharashtra,West
C00548,Riya Roy,Female,42,Hyderabad,Telangana,South
C00549,Aditya Mehta,Female,21,Bengaluru,Karnataka,South
C00550,Neha Singh,Male,39,Mumbai,Maharashtra,West
C00551,Saanvi Nair,Female,38,Guwahati,Assam,East
C00552,Rahul Joshi,Female,32,Delhi,Delhi,North
C00553,Meera Roy,Female,29,Kolkata,West Bengal,East
C00554,Sneha Verma,Female,33,Guwahati,Assam,East
C00555,Aditya Gupta,Male,42,Mumbai,Maharashtra,West
C00556,Sneha Das,Female,24,Bengaluru,Karnataka,South
C00557,Aarav Gupta,Female,41,Mumbai,Maharashtra,West
C00558,Arjun Patel,Male,29,Chennai,Tamil Nadu,South
C00559,Karan Mehta,Female,24,Pune,Maharashtra,West
C00560,Aditya Das,Male,56,Delhi,Delhi,North
C00561,Diya Roy,Male,36,Guwahati,Assam,East
C00562,Sneha Verma,Male,54,Pune,Maharashtra,West
C00563,Vihaan Kumar,Female,28,Lucknow,Uttar Pradesh,North
C00564,Rahul Gupta,Female,49,Bengaluru,Karnataka,South
C00565,Aditya Patel,Female,35,Bengaluru,Karnataka,South
C00566,Ananya Joshi,Male,41,Pune,Maharashtra,West
C00567,Rohan Yadav,Female,56,Chennai,Tamil Nadu,South
C00568,Ishaan Joshi,Male,26,Guwahati,Assam,East
C00569,Aarav Roy,Female,57,Chennai,Tamil Nadu,South
C00570,Diya Joshi,Female,45,Pune,Maharashtra,West
C00571,Aryan Gupta,Female,56,Guwahati,Assam,East
C00572,Aditi Das,Male,43,Hyderabad,Telangana,South
C00573,Ananya Yadav,Female,54,Kolkata,West Bengal,East
C00574,Diya Roy,Female,43,Hyderabad,Telangana,South
C00575,Arjun Nair,Male,55,Kolkata,West Bengal,East
C00576,Vihaan Kumar,Male,64,Lucknow,Uttar Pradesh,North
C00577,Ishaan Joshi,Female,62,Jaipur,Rajasthan,North
C00578,Neha Kumar,Female,26,Mumbai,Maharashtra,West
C00579,Rohan Gupta,Male,63,Chennai,Tamil Nadu,South
C00580,Sneha Verma,Female,56,Pune,Maharashtra,West
C00581,Riya Roy,Female,52,Jaipur,Rajasthan,North
C00582,Priya Yadav,Male,24,Delhi,Delhi,North
C00583,Priya Patel,Male,54,Hyderabad,Telangana,South
C00584,Diya Roy,Male,18,Pune,Maharashtra,West
C00585,Rahul Singh,Male,46,Mumbai,Maharashtra,West
C00586,Sneha Joshi,Male,40,Kolkata,West Bengal,East
C00587,Aditi Verma,Female,44,Delhi,Delhi,North
C00588,Arjun Yadav,Male,40,Mumbai,Maharashtra,West
C00589,Diya Joshi,Male,51,Chennai,Tamil Nadu,South
C00590,Priya Joshi,Male,46,Jaipur,Rajasthan,North
C00591,Diya Verma,Female,20,Jaipur,Rajasthan,North
C00592,Aarav Das,Male,61,Mumbai,Maharashtra,West
C00593,Rohan Mehta,Male,53,Bengaluru,Karnataka,South
C00594,Diya Mehta,Female,47,Bengaluru,Karnataka,South
C00595,Sneha Kumar,Male,29,Hyderabad,Telangana,South
C00596,Sneha Sharma,Male,46,Pune,Maharashtra,West
C00597,Neha Roy,Male,63,Guwahati,Assam,East
C00598,Ishaan Gupta,Male,54,Hyderabad,Telangana,South
C00599,Meera Patel,Female,38,Mumbai,Maharashtra,West
C00600,Karan Verma,Female,60,Hyderabad,Telangana,South
C00601,Kabir Kumar,Female,56,Jaipur,Rajasthan,North
C00602,Saanvi Roy,Male,40,Pune,Maharashtra,West
C00603,Karan Nair,Male,61,Kolkata,West Bengal,East
C00604,Saanvi Nair,Male,61,Chennai,Tamil Nadu,South
C00605,Diya Verma,Male,37,Bengaluru,Karnataka,South
C00606,Vihaan Das,Male,50,Mumbai,Maharashtra,West
C00607,Neha Nair,Male,54,Pune,Maharashtra,West
C00608,Neha Patel,Female,58,Pune,Maharashtra,West
C00609,Vihaan Mehta,Male,49,Lucknow,Uttar Pradesh,North
C00610,Aryan Patel,Female,46,Chennai,Tamil Nadu,South
C00611,Vivaan Das,Male,49,Guwahati,Assam,East
C00612,Ishaan Roy,Female,44,Bengaluru,Karnataka,South
C00613,Neha Yadav,Female,49,Jaipur,Rajasthan,North
C00614,Aditya Nair,Male,32,Bengaluru,Karnataka,South
C00615,Vivaan Gupta,Male,52,Chennai,Tamil Nadu,South
C00616,Vihaan Joshi,Female,53,Chennai,Tamil Nadu,South
C00617,Arjun Nair,Male,35,Lucknow,Uttar Pradesh,North
C00618,Priya Mehta,Male,64,Lucknow,Uttar Pradesh,North
C00619,Meera Singh,Female,24,Jaipur,Rajasthan,North
C00620,Ananya Sharma,Female,34,Hyderabad,Telangana,South
C00621,Aditya Joshi,Male,33,Kolkata,West Bengal,East
C00622,Riya Yadav,Female,63,Hyderabad,Telangana,South
C00623,Neha Patel,Male,31,Guwahati,Assam,East
C00624,Vivaan Nair,Female,52,Hyderabad,Telangana,South
C00625,Saanvi Mehta,Male,38,Chennai,Tamil Nadu,South
C00626,Ananya Nair,Female,50,Chennai,Tamil Nadu,South
C00627,Aryan Roy,Male,35,Mumbai,Maharashtra,West
C00628,Aryan Singh,Male,63,Bengaluru,Karnataka,South
C00629,Rohan Kumar,Female,49,Kolkata,West Bengal,East
C00630,Riya Kumar,Female,58,Bengaluru,Karnataka,South
C00631,Sneha Joshi,Male,58,Pune,Maharashtra,West
C00632,Sneha Mehta,Female,62,Mumbai,Maharashtra,West
C00633,Karan Joshi,Female,55,Kolkata,West Bengal,East
C00634,Aditya Yadav,Female,58,Delhi,Delhi,North
C00635,Aditya Mehta,Female,31,Kolkata,West Bengal,East
C00636,Ishaan Joshi,Female,38,Pune,Maharashtra,West
C00637,Diya Mehta,Male,54,Chennai,Tamil Nadu,South
C00638,Diya Kumar,Male,20,Jaipur,Rajasthan,North
C00639,Karan Sharma,Male,28,Mumbai,Maharashtra,West
C00640,Karan Sharma,Female,30,Jaipur,Rajasthan,North
C00641,Ananya Patel,Female,23,Bengaluru,Karnataka,South
C00642,Rahul Verma,Female,60,Kolkata,West Bengal,East
C00643,Vivaan Roy,Female,64,Bengaluru,Karnataka,South
C00644,Neha Kumar,Male,63,Hyderabad,Telangana,South
C00645,Aarav Singh,Female,22,Mumbai,Maharashtra,West
C00646,Riya Singh,Female,18,Bengaluru,Karnataka,South
C00647,Diya Verma,Female,62,Delhi,Delhi,North
C00648,Aditi Verma,Male,42,Bengaluru,Karnataka,South
C00649,Arjun Verma,Female,41,Mumbai,Maharashtra,West
C00650,Aryan Roy,Male,59,Chennai,Tamil Nadu,South
C00651,Aditya Mehta,Male,57,Bengaluru,Karnataka,South
C00652,Karan Das,Male,58,Bengaluru,Karnataka,South
C00653,Neha Nair,Female,31,Bengaluru,Karnataka,South
C00654,Arjun Patel,Male,55,Mumbai,Maharashtra,West
C00655,Priya Roy,Female,26,Pune,Maharashtra,West
C00656,Rahul Kumar,Male,33,Hyderabad,Telangana,South
C00657,Saanvi Nair,Female,62,Lucknow,Uttar Pradesh,North
C00658,Ananya Singh,Male,65,Delhi,Delhi,North
C00659,Ananya Kumar,Male,33,Pune,Maharashtra,West
C00660,Sneha Verma,Male,49,Jaipur,Rajasthan,North
C00661,Aditya Mehta,Male,41,Guwahati,Assam,East
C00662,Aryan Roy,Female,41,Kolkata,West Bengal,East
C00663,Vihaan Joshi,Male,19,Lucknow,Uttar Pradesh,North
C00664,Aditya Sharma,Female,31,Guwahati,Assam,East
C00665,Vivaan Roy,Female,58,Delhi,Delhi,North
C00666,Neha Roy,Female,23,Lucknow,Uttar Pradesh,North
C00667,Meera Nair,Male,35,Lucknow,Uttar Pradesh,North
C00668,Ananya Verma,Male,27,Mumbai,Maharashtra,West
C00669,Diya Roy,Male,37,Lucknow,Uttar Pradesh,North
C00670,Rohan Sharma,Male,23,Pune,Maharashtra,West
C00671,Arjun Joshi,Male,37,Pune,Maharashtra,West
C00672,Arjun Sharma,Male,62,Bengaluru,Karnataka,South
C00673,Vihaan Joshi,Female,51,Delhi,Delhi,North
C00674,Rahul Patel,Female,26,Lucknow,Uttar Pradesh,North
C00675,Arjun Sharma,Female,45,Chennai,Tamil Nadu,South
C00676,Kabir Verma,Female,63,Chennai,Tamil Nadu,South
C00677,Aditya Joshi,Female,50,Guwahati,Assam,East
C00678,Vivaan Joshi,Male,41,Kolkata,West Bengal,East
C00679,Rahul Verma,Male,32,Bengaluru,Karnataka,South
C00680,Aarav Sharma,Male,33,Lucknow,Uttar Pradesh,North
C00681,Aditi Das,Female,27,Delhi,Delhi,North
C00682,Vivaan Mehta,Female,32,Bengaluru,Karnataka,South
C00683,Rohan Roy,Female,35,Kolkata,West Bengal,East
C00684,Riya Das,Male,50,Mumbai,Maharashtra,West
C00685,Vihaan Singh,Male,43,Delhi,Delhi,North
C00686,Karan Gupta,Female,38,Mumbai,Maharashtra,West
C00687,Meera Joshi,Male,41,Mumbai,Maharashtra,West
C00688,Ananya Nair,Female,65,Hyderabad,Telangana,South
C00689,Rohan Joshi,Female,55,Guwahati,Assam,East
C00690,Ishaan Yadav,Male,27,Jaipur,Rajasthan,North
C00691,Neha Sharma,Male,52,Delhi,Delhi,North
C00692,Aarav Das,Male,60,Kolkata,West Bengal,East
C00693,Ananya Verma,Male,51,Pune,Maharashtra,West
C00694,Neha Joshi,Male,27,Hyderabad,Telangana,South
C00695,Aditya Sharma,Male,51,Chennai,Tamil Nadu,South
C00696,Priya Joshi,Male,55,Pune,Maharashtra,West
C00697,Kabir Patel,Female,22,Mumbai,Maharashtra,West
C00698,Riya Sharma,Female,60,Guwahati,Assam,East
C00699,Rohan Gupta,Female,38,Bengaluru,Karnataka,South
C00700,Diya Das,Female,35,Pune,Maharashtra,West
C00701,Aditya Singh,Male,55,Hyderabad,Telangana,South
C00702,Aryan Verma,Male,46,Mumbai,Maharashtra,West
C00703,Diya Roy,Male,52,Jaipur,Rajasthan,North
C00704,Ishaan Joshi,Female,47,Kolkata,West Bengal,East
C00705,Arjun Verma,Male,61,Chennai,Tamil Nadu,South
C00706,Saanvi Sharma,Male,38,Chennai,Tamil Nadu,South
C00707,Aditya Yadav,Male,40,Bengaluru,Karnataka,South
C00708,Kabir Sharma,Female,34,Pune,Maharashtra,West
C00709,Aarav Roy,Female,53,Bengaluru,Karnataka,South
C00710,Rohan Verma,Female,24,Lucknow,Uttar Pradesh,North
C00711,Arjun Sharma,Male,32,Bengaluru,Karnataka,South
C00712,Ishaan Roy,Female,61,Bengaluru,Karnataka,South
C00713,Riya Nair,Female,22,Mumbai,Maharashtra,West
C00714,Aditya Singh,Female,26,Delhi,Delhi,North
C00715,Diya Verma,Male,47,Mumbai,Maharashtra,West
C00716,Vihaan Nair,Female,64,Delhi,Delhi,North
C00717,Aditi Sharma,Female,61,Pune,Maharashtra,West
C00718,Vihaan Das,Male,29,Pune,Maharashtra,West
C00719,Rahul Joshi,Male,20,Chennai,Tamil Nadu,South
C00720,Saanvi Nair,Male,59,Guwahati,Assam,East
C00721,Aditi Roy,Female,21,Chennai,Tamil Nadu,South
C00722,Rahul Roy,Male,44,Mumbai,Maharashtra,West
C00723,Kabir Singh,Male,42,Hyderabad,Telangana,South
C00724,Aditi Mehta,Female,40,Kolkata,West Bengal,East
C00725,Kabir Das,Female,35,Guwahati,Assam,East
C00726,Aarav Das,Male,19,Bengaluru,Karnataka,South
C00727,Vivaan Joshi,Female,55,Chennai,Tamil Nadu,South
C00728,Vihaan Verma,Male,60,Hyderabad,Telangana,South
C00729,Rahul Mehta,Male,32,Hyderabad,Telangana,South
C00730,Sneha Das,Male,29,Guwahati,Assam,East
C00731,Riya Das,Female,55,Hyderabad,Telangana,South
C00732,Priya Nair,Male,54,Delhi,Delhi,North
C00733,Aditi Mehta,Female,29,Hyderabad,Telangana,South
C00734,Vivaan Verma,Male,32,Jaipur,Rajasthan,North
C00735,Rohan Sharma,Female,18,Guwahati,Assam,East
C00736,Saanvi Singh,Male,39,Kolkata,West Bengal,East
C00737,Diya Sharma,Male,27,Bengaluru,Karnataka,South
C00738,Aryan Verma,Female,22,Guwahati,Assam,East
C00739,Sneha Nair,Male,39,Kolkata,West Bengal,East
C00740,Diya Patel,Male,64,Chennai,Tamil Nadu,South
C00741,Aditi Kumar,Female,29,Pune,Maharashtra,West
C00742,Saanvi Das,Male,60,Lucknow,Uttar Pradesh,North
C00743,Vihaan Roy,Female,64,Guwahati,Assam,East
C00744,Aryan Patel,Male,62,Chennai,Tamil Nadu,South
C00745,Sneha Nair,Male,29,Guwahati,Assam,East
C00746,Diya Nair,Male,58,Guwahati,Assam,East
C00747,Arjun Joshi,Male,39,Guwahati,Assam,East
C00748,Rohan Das,Female,28,Mumbai,Maharashtra,West
C00749,Diya Joshi,Male,34,Mumbai,Maharashtra,West
C00750,Rohan Yadav,Male,40,Hyderabad,Telangana,South
C00751,Arjun Yadav,Male,21,Chennai,Tamil Nadu,South
C00752,Karan Yadav,Female,28,Pune,Maharashtra,West
C00753,Aditi Roy,Female,52,Pune,Maharashtra,West
C00754,Arjun Joshi,Male,28,Pune,Maharashtra,West
C00755,Aditya Sharma,Female,19,Jaipur,Rajasthan,North
C00756,Rahul Verma,Male,39,Kolkata,West Bengal,East
C00757,Sneha Patel,Male,53,Bengaluru,Karnataka,South
C00758,Diya Nair,Female,63,Mumbai,Maharashtra,West
C00759,Neha Kumar,Male,56,Delhi,Delhi,North
C00760,Vihaan Sharma,Male,39,Pune,Maharashtra,West
C00761,Ishaan Roy,Female,60,Hyderabad,Telangana,South
C00762,Ananya Singh,Male,21,Chennai,Tamil Nadu,South
C00763,Riya Mehta,Female,27,Pune,Maharashtra,West
C00764,Priya Sharma,Female,23,Delhi,Delhi,North
C00765,Saanvi Joshi,Male,24,Chennai,Tamil Nadu,South
C00766,Ishaan Patel,Female,23,Delhi,Delhi,North
C00767,Arjun Gupta,Female,48,Jaipur,Rajasthan,North
C00768,Rahul Verma,Female,29,Jaipur,Rajasthan,North
C00769,Sneha Das,Male,46,Kolkata,West Bengal,East
C00770,Rahul Joshi,Female,34,Delhi,Delhi,North
C00771,Rahul Nair,Male,27,Hyderabad,Telangana,South
C00772,Aditya Kumar,Female,52,Mumbai,Maharashtra,West
C00773,Riya Singh,Male,42,Pune,Maharashtra,West
C00774,Neha Mehta,Female,54,Lucknow,Uttar Pradesh,North
C00775,Aditi Gupta,Male,43,Hyderabad,Telangana,South
C00776,Kabir Nair,Male,25,Delhi,Delhi,North
C00777,Vihaan Patel,Male,30,Jaipur,Rajasthan,North
C00778,Vivaan Roy,Male,61,Bengaluru,Karnataka,South
C00779,Ishaan Kumar,Male,56,Pune,Maharashtra,West
C00780,Diya Yadav,Male,23,Chennai,Tamil Nadu,South
C00781,Meera Roy,Female,35,Pune,Maharashtra,West
C00782,Karan Sharma,Female,25,Lucknow,Uttar Pradesh,North
C00783,Aryan Patel,Male,24,Pune,Maharashtra,West
C00784,Arjun Gupta,Female,44,Guwahati,Assam,East
C00785,Sneha Kumar,Female,54,Chennai,Tamil Nadu,South
C00786,Aditi Sharma,Male,35,Guwahati,Assam,East
C00787,Aryan Nair,Female,20,Pune,Maharashtra,West
C00788,Diya Yadav,Male,21,Pune,Maharashtra,West
C00789,Rahul Das,Male,39,Jaipur,Rajasthan,North
C00790,Ananya Gupta,Female,62,Chennai,Tamil Nadu,South
C00791,Rohan Patel,Female,65,Mumbai,Maharashtra,West
C00792,Diya Gupta,Female,56,Jaipur,Rajasthan,North
C00793,Ishaan Joshi,Male,44,Mumbai,Maharashtra,West
C00794,Kabir Das,Male,50,Jaipur,Rajasthan,North
C00795,Aditya Gupta,Female,26,Bengaluru,Karnataka,South
C00796,Riya Sharma,Male,30,Lucknow,Uttar Pradesh,North
C00797,Vivaan Singh,Male,47,Hyderabad,Telangana,South
C00798,Priya Yadav,Male,35,Delhi,Delhi,North
C00799,Karan Mehta,Female,58,Kolkata,West Bengal,East
C00800,Aarav Singh,Female,49,Mumbai,Maharashtra,West
C00801,Karan Patel,Female,55,Guwahati,Assam,East
C00802,Priya Das,Male,34,Lucknow,Uttar Pradesh,North
C00803,Ananya Sharma,Female,21,Mumbai,Maharashtra,West
C00804,Riya Singh,Male,59,Bengaluru,Karnataka,South
C00805,Ishaan Gupta,Female,50,Hyderabad,Telangana,South
C00806,Aarav Joshi,Male,59,Delhi,Delhi,North
C00807,Saanvi Sharma,Male,34,Bengaluru,Karnataka,South
C00808,Ananya Yadav,Female,45,Guwahati,Assam,East
C00809,Priya Joshi,Female,31,Pune,Maharashtra,West
C00810,Ananya Kumar,Female,55,Jaipur,Rajasthan,North
C00811,Aarav Mehta,Female,53,Mumbai,Maharashtra,West
C00812,Saanvi Gupta,Female,61,Guwahati,Assam,East
C00813,Aditi Verma,Female,35,Mumbai,Maharashtra,West
C00814,Rahul Gupta,Female,30,Kolkata,West Bengal,East
C00815,Kabir Singh,Male,56,Bengaluru,Karnataka,South
C00816,Diya Kumar,Male,64,Pune,Maharashtra,West
C00817,Aditi Gupta,Female,44,Delhi,Delhi,North
C00818,Sneha Yadav,Male,55,Pune,Maharashtra,West
C00819,Ishaan Das,Male,61,Guwahati,Assam,East
C00820,Aditi Kumar,Female,50,Lucknow,Uttar Pradesh,North
C00821,Vihaan Kumar,Male,36,Chennai,Tamil Nadu,South
C00822,Aditi Patel,Female,64,Mumbai,Maharashtra,West
C00823,Vihaan Kumar,Female,59,Lucknow,Uttar Pradesh,North
C00824,Rohan Das,Male,65,Mumbai,Maharashtra,West
C00825,Neha Das,Female,34,Chennai,Tamil Nadu,South
C00826,Ananya Joshi,Male,48,Guwahati,Assam,East
C00827,Riya Nair,Male,48,Delhi,Delhi,North
C00828,Kabir Verma,Female,51,Hyderabad,Telangana,South
C00829,Neha Sharma,Male,26,Chennai,Tamil Nadu,South
C00830,Diya Roy,Female,27,Hyderabad,Telangana,South
C00831,Vihaan Verma,Female,39,Kolkata,West Bengal,East
C00832,Diya Kumar,Male,18,Bengaluru,Karnataka,South
C00833,Rahul Singh,Male,54,Jaipur,Rajasthan,North
C00834,Aditi Verma,Male,57,Bengaluru,Karnataka,South
C00835,Neha Roy,Female,48,Pune,Maharashtra,West
C00836,Aarav Sharma,Male,64,Pune,Maharashtra,West
C00837,Aarav Das,Male,19,Kolkata,West Bengal,East
C00838,Rohan Singh,Female,37,Delhi,Delhi,North
C00839,Arjun Roy,Female,28,Bengaluru,Karnataka,South
C00840,Vivaan Gupta,Female,47,Mumbai,Maharashtra,West
C00841,Saanvi Mehta,Female,45,Lucknow,Uttar Pradesh,North
C00842,Diya Joshi,Female,30,Bengaluru,Karnataka,South
C00843,Sneha Sharma,Male,32,Bengaluru,Karnataka,South
C00844,Ishaan Yadav,Male,55,Bengaluru,Karnataka,South
C00845,Vihaan Verma,Female,63,Lucknow,Uttar Pradesh,North
C00846,Sneha Kumar,Female,52,Delhi,Delhi,North
C00847,Vivaan Nair,Male,60,Guwahati,Assam,East
C00848,Aarav Sharma,Male,44,Mumbai,Maharashtra,West
C00849,Sneha Verma,Female,48,Jaipur,Rajasthan,North
C00850,Ishaan Yadav,Male,37,Bengaluru,Karnataka,South
C00851,Arjun Kumar,Female,57,Pune,Maharashtra,West
C00852,Aryan Roy,Male,50,Guwahati,Assam,East
C00853,Arjun Gupta,Male,24,Guwahati,Assam,East
C00854,Ishaan Nair,Male,34,Jaipur,Rajasthan,North
C00855,Ishaan Das,Female,36,Lucknow,Uttar Pradesh,North
C00856,Vivaan Mehta,Female,31,Bengaluru,Karnataka,South
C00857,Diya Singh,Male,18,Jaipur,Rajasthan,North
C00858,Arjun Nair,Female,27,Mumbai,Maharashtra,West
C00859,Kabir Verma,Male,34,Mumbai,Maharashtra,West
C00860,Karan Gupta,Female,47,Hyderabad,Telangana,South
C00861,Arjun Patel,Male,36,Delhi,Delhi,North
C00862,Diya Roy,Male,24,Kolkata,West Bengal,East
C00863,Aarav Patel,Male,39,Delhi,Delhi,North
C00864,Karan Nair,Female,64,Kolkata,West Bengal,East
C00865,Priya Das,Male,25,Mumbai,Maharashtra,West
C00866,Sneha Joshi,Female,42,Pune,Maharashtra,West
C00867,Neha Kumar,Male,25,Jaipur,Rajasthan,North
C00868,Vivaan Patel,Male,44,Bengaluru,Karnataka,South
C00869,Aditi Nair,Female,29,Guwahati,Assam,East
C00870,Sneha Das,Male,61,Guwahati,Assam,East
C00871,Aditi Joshi,Male,44,Bengaluru,Karnataka,South
C00872,Vivaan Verma,Female,59,Jaipur,Rajasthan,North
C00873,Aarav Yadav,Male,60,Kolkata,West Bengal,East
C00874,Kabir Mehta,Male,45,Kolkata,West Bengal,East
C00875,Aditi Das,Female,27,Hyderabad,Telangana,South
C00876,Saanvi Sharma,Male,59,Lucknow,Uttar Pradesh,North
C00877,Kabir Joshi,Female,28,Bengaluru,Karnataka,South
C00878,Aditi Das,Male,39,Mumbai,Maharashtra,West
C00879,Vivaan Mehta,Male,53,Chennai,Tamil Nadu,South
C00880,Sneha Singh,Male,47,Pune,Maharashtra,West
C00881,Riya Joshi,Male,49,Jaipur,Rajasthan,North
C00882,Diya Verma,Female,65,Jaipur,Rajasthan,North
C00883,Arjun Roy,Female,20,Delhi,Delhi,North
C00884,Meera Sharma,Male,56,Lucknow,Uttar Pradesh,North
C00885,Ananya Mehta,Male,59,Guwahati,Assam,East
C00886,Diya Das,Male,32,Jaipur,Rajasthan,North
C00887,Diya Mehta,Female,63,Jaipur,Rajasthan,North
C00888,Karan Verma,Male,60,Kolkata,West Bengal,East
C00889,Aarav Das,Female,58,Hyderabad,Telangana,South
C00890,Meera Mehta,Female,62,Chennai,Tamil Nadu,South
C00891,Vivaan Patel,Female,26,Mumbai,Maharashtra,West
C00892,Arjun Gupta,Male,30,Pune,Maharashtra,West
C00893,Sneha Singh,Female,30,Mumbai,Maharashtra,West
C00894,Arjun Roy,Male,58,Kolkata,West Bengal,East
C00895,Arjun Joshi,Female,60,Guwahati,Assam,East
C00896,Kabir Patel,Female,18,Guwahati,Assam,East
C00897,Vivaan Mehta,Female,55,Lucknow,Uttar Pradesh,North
C00898,Kabir Patel,Male,64,Jaipur,Rajasthan,North
C00899,Arjun Roy,Female,50,Bengaluru,Karnataka,South
C00900,Neha Nair,Male,35,Pune,Maharashtra,West
C00901,Diya Gupta,Female,26,Pune,Maharashtra,West
C00902,Neha Nair,Female,62,Bengaluru,Karnataka,South
C00903,Diya Yadav,Male,30,Lucknow,Uttar Pradesh,North
C00904,Saanvi Yadav,Female,61,Hyderabad,Telangana,South
C00905,Aryan Yadav,Male,50,Kolkata,West Bengal,East
C00906,Diya Yadav,Male,40,Lucknow,Uttar Pradesh,North
C00907,Aditi Nair,Female,61,Lucknow,Uttar Pradesh,North
C00908,Ananya Roy,Male,51,Lucknow,Uttar Pradesh,North
C00909,Aarav Roy,Male,21,Mumbai,Maharashtra,West
C00910,Ishaan Gupta,Male,36,Delhi,Delhi,North
C00911,Aryan Sharma,Female,31,Chennai,Tamil Nadu,South
C00912,Vivaan Das,Female,24,Lucknow,Uttar Pradesh,North
C00913,Meera Singh,Female,33,Guwahati,Assam,East
C00914,Ananya Yadav,Male,42,Lucknow,Uttar Pradesh,North
C00915,Neha Kumar,Female,53,Pune,Maharashtra,West
C00916,Aarav Yadav,Female,30,Delhi,Delhi,North
C00917,Karan Singh,Female,55,Guwahati,Assam,East
C00918,Saanvi Singh,Male,36,Lucknow,Uttar Pradesh,North
C00919,Vihaan Kumar,Male,29,Jaipur,Rajasthan,North
C00920,Kabir Verma,Female,20,Bengaluru,Karnataka,South
C00921,Rahul Mehta,Female,26,Pune,Maharashtra,West
C00922,Riya Gupta,Male,39,Bengaluru,Karnataka,South
C00923,Aryan Sharma,Male,38,Jaipur,Rajasthan,North
C00924,Vivaan Kumar,Female,49,Guwahati,Assam,East
C00925,Meera Das,Male,63,Guwahati,Assam,East
C00926,Kabir Singh,Male,51,Kolkata,West Bengal,East
C00927,Kabir Patel,Female,52,Mumbai,Maharashtra,West
C00928,Sneha Verma,Female,32,Lucknow,Uttar Pradesh,North
C00929,Diya Das,Female,36,Hyderabad,Telangana,South
C00930,Saanvi Mehta,Female,53,Hyderabad,Telangana,South
C00931,Arjun Kumar,Female,46,Delhi,Delhi,North
C00932,Saanvi Nair,Male,20,Hyderabad,Telangana,South
C00933,Sneha Verma,Female,34,Kolkata,West Bengal,East
C00934,Ananya Sharma,Female,50,Lucknow,Uttar Pradesh,North
C00935,Karan Joshi,Male,36,Lucknow,Uttar Pradesh,North
C00936,Diya Mehta,Male,24,Hyderabad,Telangana,South
C00937,Meera Mehta,Male,58,Bengaluru,Karnataka,South
C00938,Ishaan Kumar,Male,61,Mumbai,Maharashtra,West
C00939,Arjun Singh,Female,59,Pune,Maharashtra,West
C00940,Aryan Sharma,Female,63,Mumbai,Maharashtra,West
C00941,Vivaan Verma,Male,21,Kolkata,West Bengal,East
C00942,Rahul Mehta,Male,54,Bengaluru,Karnataka,South
C00943,Rahul Roy,Female,46,Hyderabad,Telangana,South
C00944,Neha Das,Male,42,Pune,Maharashtra,West
C00945,Meera Sharma,Male,65,Mumbai,Maharashtra,West
C00946,Vivaan Yadav,Male,40,Guwahati,Assam,East
C00947,Arjun Gupta,Female,56,Lucknow,Uttar Pradesh,North
C00948,Ananya Joshi,Female,43,Mumbai,Maharashtra,West
C00949,Aditi Patel,Male,26,Delhi,Delhi,North
C00950,Meera Gupta,Male,37,Pune,Maharashtra,West
C00951,Aarav Mehta,Male,25,Kolkata,West Bengal,East
C00952,Aarav Nair,Female,52,Delhi,Delhi,North
C00953,Aditya Gupta,Male,65,Lucknow,Uttar Pradesh,North
C00954,Ishaan Roy,Male,28,Kolkata,West Bengal,East
C00955,Rohan Nair,Female,30,Bengaluru,Karnataka,South
C00956,Vihaan Kumar,Male,53,Mumbai,Maharashtra,West
C00957,Meera Verma,Female,60,Jaipur,Rajasthan,North
C00958,Rahul Verma,Male,64,Mumbai,Maharashtra,West
C00959,Aditi Das,Female,26,Guwahati,Assam,East
C00960,Arjun Gupta,Male,30,Hyderabad,Telangana,South
C00961,Aditi Joshi,Female,57,Kolkata,West Bengal,East
C00962,Riya Patel,Female,38,Chennai,Tamil Nadu,South
C00963,Vihaan Sharma,Female,33,Pune,Maharashtra,West
C00964,Neha Gupta,Female,26,Hyderabad,Telangana,South
C00965,Aditi Joshi,Female,40,Kolkata,West Bengal,East
C00966,Aditi Mehta,Male,29,Chennai,Tamil Nadu,South
C00967,Aditya Gupta,Male,52,Guwahati,Assam,East
C00968,Rahul Yadav,Male,64,Hyderabad,Telangana,South
C00969,Aarav Mehta,Male,55,Mumbai,Maharashtra,West
C00970,Sneha Nair,Male,20,Guwahati,Assam,East
C00971,Rahul Mehta,Female,59,Lucknow,Uttar Pradesh,North
C00972,Priya Roy,Male,55,Bengaluru,Karnataka,South
C00973,Aryan Joshi,Male,43,Chennai,Tamil Nadu,South
C00974,Kabir Sharma,Male,57,Kolkata,West Bengal,East
C00975,Kabir Patel,Female,28,Bengaluru,Karnataka,South
C00976,Riya Nair,Male,65,Bengaluru,Karnataka,South
C00977,Priya Sharma,Male,49,Jaipur,Rajasthan,North
C00978,Aditya Gupta,Female,32,Hyderabad,Telangana,South
C00979,Ishaan Mehta,Female,42,Delhi,Delhi,North
C00980,Karan Sharma,Male,59,Jaipur,Rajasthan,North
C00981,Arjun Yadav,Female,65,Kolkata,West Bengal,East
C00982,Riya Mehta,Male,42,Chennai,Tamil Nadu,South
C00983,Priya Nair,Male,51,Pune,Maharashtra,West
C00984,Sneha Singh,Female,40,Chennai,Tamil Nadu,South
C00985,Aditi Joshi,Male,50,Kolkata,West Bengal,East
C00986,Karan Patel,Male,22,Bengaluru,Karnataka,South
C00987,Rahul Singh,Male,29,Lucknow,Uttar Pradesh,North
C00988,Priya Nair,Male,60,Bengaluru,Karnataka,South
C00989,Neha Das,Male,48,Hyderabad,Telangana,South
C00990,Aditi Singh,Male,59,Jaipur,Rajasthan,North
C00991,Aarav Singh,Male,26,Pune,Maharashtra,West
C00992,Riya Patel,Male,58,Guwahati,Assam,East
C00993,Vivaan Nair,Male,21,Lucknow,Uttar Pradesh,North
C00994,Rahul Patel,Female,56,Bengaluru,Karnataka,South
C00995,Aarav Yadav,Female,23,Guwahati,Assam,East
C00996,Karan Nair,Female,48,Hyderabad,Telangana,South
C00997,Rohan Roy,Male,55,Bengaluru,Karnataka,South
C00998,Saanvi Kumar,Female,28,Bengaluru,Karnataka,South
C00999,Karan Nair,Male,32,Kolkata,West Bengal,East
C01000,Sneha Patel,Male,19,Pune,Maharashtra,West
C01001,Kabir Mehta,Female,27,Hyderabad,Telangana,South
C01002,Arjun Patel,Female,57,Guwahati,Assam,East
C01003,Vivaan Mehta,Male,23,Guwahati,Assam,East
C01004,Aryan Nair,Male,61,Jaipur,Rajasthan,North
C01005,Kabir Roy,Female,20,Pune,Maharashtra,West
C01006,Neha Singh,Female,42,Lucknow,Uttar Pradesh,North
C01007,Riya Yadav,Male,45,Kolkata,West Bengal,East
C01008,Rahul Joshi,Male,23,Bengaluru,Karnataka,South
C01009,Saanvi Mehta,Female,34,Chennai,Tamil Nadu,South
C01010,Aarav Yadav,Male,54,Hyderabad,Telangana,South
C01011,Arjun Mehta,Male,42,Lucknow,Uttar Pradesh,North
C01012,Diya Roy,Female,24,Hyderabad,Telangana,South
C01013,Neha Kumar,Female,34,Bengaluru,Karnataka,South
C01014,Neha Nair,Female,57,Lucknow,Uttar Pradesh,North
C01015,Sneha Singh,Female,53,Chennai,Tamil Nadu,South
C01016,Aditi Patel,Female,53,Lucknow,Uttar Pradesh,North
C01017,Aditi Gupta,Female,54,Lucknow,Uttar Pradesh,North
C01018,Sneha Yadav,Male,60,Kolkata,West Bengal,East
C01019,Rohan Joshi,Male,24,Mumbai,Maharashtra,West
C01020,Kabir Roy,Female,53,Hyderabad,Telangana,South
C01021,Vivaan Patel,Female,58,Guwahati,Assam,East
C01022,Aditya Patel,Female,56,Delhi,Delhi,North
C01023,Aditya Verma,Female,32,Pune,Maharashtra,West
C01024,Aditya Nair,Male,64,Kolkata,West Bengal,East
C01025,Sneha Nair,Female,63,Pune,Maharashtra,West
C01026,Vivaan Patel,Female,46,Guwahati,Assam,East
C01027,Ishaan Kumar,Female,30,Delhi,Delhi,North
C01028,Saanvi Mehta,Male,57,Delhi,Delhi,North
C01029,Vivaan Das,Male,59,Bengaluru,Karnataka,South
C01030,Vihaan Verma,Female,43,Delhi,Delhi,North
C01031,Sneha Roy,Male,51,Kolkata,West Bengal,East
C01032,Aditya Verma,Female,64,Delhi,Delhi,North
C01033,Riya Das,Female,35,Lucknow,Uttar Pradesh,North
C01034,Saanvi Singh,Female,43,Hyderabad,Telangana,South
C01035,Aarav Gupta,Male,44,Guwahati,Assam,East
C01036,Arjun Mehta,Male,50,Lucknow,Uttar Pradesh,North
C01037,Diya Verma,Female,52,Chennai,Tamil Nadu,South
C01038,Rahul Yadav,Female,42,Guwahati,Assam,East
C01039,Aditi Singh,Female,47,Guwahati,Assam,East
C01040,Riya Sharma,Female,25,Jaipur,Rajasthan,North
C01041,Aditya Roy,Male,61,Chennai,Tamil Nadu,South
C01042,Diya Roy,Female,51,Hyderabad,Telangana,South
C01043,Aarav Yadav,Female,33,Lucknow,Uttar Pradesh,North
C01044,Aditya Roy,Female,22,Chennai,Tamil Nadu,South
C01045,Vihaan Joshi,Female,40,Lucknow,Uttar Pradesh,North
C01046,Riya Gupta,Male,65,Hyderabad,Telangana,South
C01047,Aditi Yadav,Male,33,Hyderabad,Telangana,South
C01048,Rahul Singh,Male,30,Hyderabad,Telangana,South
C01049,Saanvi Das,Male,24,Hyderabad,Telangana,South
C01050,Aditya Kumar,Female,57,Mumbai,Maharashtra,West
C01051,Meera Sharma,Female,41,Delhi,Delhi,North
C01052,Diya Joshi,Female,49,Guwahati,Assam,East
C01053,Kabir Gupta,Female,32,Bengaluru,Karnataka,South
C01054,Aryan Sharma,Female,48,Guwahati,Assam,East
C01055,Vivaan Mehta,Female,43,Lucknow,Uttar Pradesh,North
C01056,Karan Verma,Female,38,Bengaluru,Karnataka,South
C01057,Aarav Kumar,Male,42,Delhi,Delhi,North
C01058,Arjun Das,Female,57,Guwahati,Assam,East
C01059,Vihaan Mehta,Female,33,Chennai,Tamil Nadu,South
C01060,Aditi Nair,Female,41,Chennai,Tamil Nadu,South
C01061,Aditi Roy,Male,44,Bengaluru,Karnataka,South
C01062,Priya Roy,Female,46,Kolkata,West Bengal,East
C01063,Riya Patel,Male,24,Bengaluru,Karnataka,South
C01064,Rohan Mehta,Female,42,Chennai,Tamil Nadu,South
C01065,Aryan Yadav,Male,48,Hyderabad,Telangana,South
C01066,Vihaan Roy,Female,26,Delhi,Delhi,North
C01067,Meera Yadav,Female,49,Lucknow,Uttar Pradesh,North
C01068,Rahul Mehta,Male,43,Chennai,Tamil Nadu,South
C01069,Vihaan Sharma,Male,34,Mumbai,Maharashtra,West
C01070,Arjun Joshi,Female,34,Jaipur,Rajasthan,North
C01071,Priya Mehta,Female,40,Kolkata,West Bengal,East
C01072,Neha Verma,Female,61,Delhi,Delhi,North
C01073,Ishaan Nair,Male,36,Guwahati,Assam,East
C01074,Diya Kumar,Female,65,Kolkata,West Bengal,East
C01075,Aditya Roy,Female,47,Jaipur,Rajasthan,North
C01076,Vihaan Kumar,Female,44,Bengaluru,Karnataka,South
C01077,Riya Roy,Male,23,Guwahati,Assam,East
C01078,Diya Singh,Female,38,Bengaluru,Karnataka,South
C01079,Rahul Nair,Female,35,Chennai,Tamil Nadu,South
C01080,Priya Yadav,Female,44,Jaipur,Rajasthan,North
C01081,Vihaan Sharma,Male,64,Bengaluru,Karnataka,South
C01082,Rahul Yadav,Male,31,Hyderabad,Telangana,South
C01083,Sneha Verma,Male,22,Bengaluru,Karnataka,South
C01084,Meera Sharma,Male,43,Jaipur,Rajasthan,North
C01085,Aditya Verma,Female,57,Lucknow,Uttar Pradesh,North
C01086,Aditya Kumar,Female,37,Bengaluru,Karnataka,South
C01087,Rohan Yadav,Female,46,Hyderabad,Telangana,South
C01088,Aryan Mehta,Male,19,Bengaluru,Karnataka,South
C01089,Priya Das,Female,47,Delhi,Delhi,North
C01090,Rahul Mehta,Female,26,Lucknow,Uttar Pradesh,North
C01091,Vihaan Nair,Female,58,Lucknow,Uttar Pradesh,North
C01092,Neha Mehta,Female,40,Guwahati,Assam,East
C01093,Meera Singh,Male,46,Jaipur,Rajasthan,North
C01094,Priya Roy,Female,27,Chennai,Tamil Nadu,South
C01095,Aarav Sharma,Male,40,Chennai,Tamil Nadu,South
C01096,Aditi Mehta,Male,62,Chennai,Tamil Nadu,South
C01097,Aditi Gupta,Male,45,Jaipur,Rajasthan,North
C01098,Saanvi Singh,Male,53,Chennai,Tamil Nadu,South
C01099,Ishaan Roy,Female,43,Kolkata,West Bengal,East
C01100,Vihaan Yadav,Female,42,Hyderabad,Telangana,South
C01101,Rahul Verma,Female,58,Hyderabad,Telangana,South
C01102,Kabir Nair,Female,36,Hyderabad,Telangana,South
C01103,Rahul Roy,Male,22,Lucknow,Uttar Pradesh,North
C01104,Aryan Gupta,Male,58,Bengaluru,Karnataka,South
C01105,Saanvi Joshi,Female,62,Jaipur,Rajasthan,North
C01106,Aditi Singh,Female,19,Guwahati,Assam,East
C01107,Vivaan Mehta,Male,29,Bengaluru,Karnataka,South
C01108,Ananya Gupta,Male,63,Mumbai,Maharashtra,West
C01109,Aarav Singh,Male,27,Jaipur,Rajasthan,North
C01110,Aditi Singh,Female,44,Delhi,Delhi,North
C01111,Aditi Das,Female,62,Chennai,Tamil Nadu,South
C01112,Diya Verma,Male,21,Delhi,Delhi,North
C01113,Sneha Verma,Female,29,Chennai,Tamil Nadu,South
C01114,Rahul Roy,Male,25,Hyderabad,Telangana,South
C01115,Sneha Joshi,Male,65,Hyderabad,Telangana,South
C01116,Ishaan Joshi,Male,51,Delhi,Delhi,North
C01117,Aditi Roy,Female,38,Hyderabad,Telangana,South
C01118,Vivaan Yadav,Male,34,Bengaluru,Karnataka,South
C01119,Ananya Singh,Female,21,Jaipur,Rajasthan,North
C01120,Arjun Singh,Female,38,Hyderabad,Telangana,South
C01121,Vihaan Gupta,Male,43,Delhi,Delhi,North
C01122,Aarav Sharma,Female,62,Hyderabad,Telangana,South
C01123,Aryan Das,Male,33,Guwahati,Assam,East
C01124,Aditi Verma,Female,58,Bengaluru,Karnataka,South
C01125,Vivaan Das,Male,62,Delhi,Delhi,North
C01126,Arjun Patel,Female,32,Lucknow,Uttar Pradesh,North
C01127,Meera Kumar,Female,46,Kolkata,West Bengal,East
C01128,Aarav Yadav,Female,40,Hyderabad,Telangana,South
C01129,Rahul Sharma,Female,63,Bengaluru,Karnataka,South
C01130,Meera Gupta,Female,30,Jaipur,Rajasthan,North
C01131,Vihaan Mehta,Female,38,Guwahati,Assam,East
C01132,Rahul Nair,Male,22,Jaipur,Rajasthan,North
C01133,Aryan Joshi,Female,34,Lucknow,Uttar Pradesh,North
C01134,Priya Joshi,Male,58,Lucknow,Uttar Pradesh,North
C01135,Sneha Yadav,Male,19,Lucknow,Uttar Pradesh,North
C01136,Priya Nair,Male,38,Guwahati,Assam,East
C01137,Meera Roy,Male,51,Mumbai,Maharashtra,West
C01138,Meera Patel,Female,38,Jaipur,Rajasthan,North
C01139,Diya Verma,Male,51,Pune,Maharashtra,West
C01140,Vivaan Patel,Male,20,Mumbai,Maharashtra,West
C01141,Arjun Joshi,Male,24,Hyderabad,Telangana,South
C01142,Riya Kumar,Female,60,Delhi,Delhi,North
C01143,Kabir Nair,Female,21,Jaipur,Rajasthan,North
C01144,Rohan Nair,Male,18,Kolkata,West Bengal,East
C01145,Aditi Verma,Female,58,Hyderabad,Telangana,South
C01146,Priya Mehta,Female,41,Delhi,Delhi,North
C01147,Saanvi Gupta,Male,64,Delhi,Delhi,North
C01148,Ananya Verma,Male,51,Mumbai,Maharashtra,West
C01149,Arjun Yadav,Male,52,Mumbai,Maharashtra,West
C01150,Ishaan Singh,Male,54,Pune,Maharashtra,West
C01151,Meera Yadav,Female,65,Bengaluru,Karnataka,South
C01152,Riya Das,Female,62,Mumbai,Maharashtra,West
C01153,Arjun Patel,Male,53,Pune,Maharashtra,West
C01154,Kabir Das,Male,52,Pune,Maharashtra,West
C01155,Karan Das,Female,53,Guwahati,Assam,East
C01156,Priya Roy,Female,64,Kolkata,West Bengal,East
C01157,Saanvi Singh,Male,42,Kolkata,West Bengal,East
C01158,Rahul Das,Female,46,Lucknow,Uttar Pradesh,North
C01159,Aarav Yadav,Male,36,Pune,Maharashtra,West
C01160,Aarav Mehta,Male,37,Guwahati,Assam,East
C01161,Ananya Singh,Male,38,Delhi,Delhi,North
C01162,Rahul Mehta,Male,24,Delhi,Delhi,North
C01163,Karan Das,Male,26,Delhi,Delhi,North
C01164,Priya Nair,Male,32,Chennai,Tamil Nadu,South
C01165,Ananya Verma,Female,54,Chennai,Tamil Nadu,South
C01166,Aditya Yadav,Female,48,Hyderabad,Telangana,South
C01167,Aditi Yadav,Male,56,Bengaluru,Karnataka,South
C01168,Vivaan Yadav,Female,23,Chennai,Tamil Nadu,South
C01169,Diya Das,Female,44,Delhi,Delhi,North
C01170,Rohan Yadav,Male,58,Mumbai,Maharashtra,West
C01171,Vivaan Gupta,Male,38,Pune,Maharashtra,West
C01172,Riya Patel,Female,50,Lucknow,Uttar Pradesh,North
C01173,Aryan Sharma,Female,46,Hyderabad,Telangana,South
C01174,Riya Mehta,Male,32,Guwahati,Assam,East
C01175,Ananya Roy,Male,26,Pune,Maharashtra,West
C01176,Aditya Joshi,Male,53,Kolkata,West Bengal,East
C01177,Rahul Verma,Female,50,Pune,Maharashtra,West
C01178,Aryan Patel,Female,53,Pune,Maharashtra,West
C01179,Aditi Roy,Male,53,Hyderabad,Telangana,South
C01180,Kabir Singh,Male,22,Guwahati,Assam,East
C01181,Neha Das,Male,25,Chennai,Tamil Nadu,South
C01182,Neha Das,Female,30,Pune,Maharashtra,West
C01183,Priya Nair,Male,37,Kolkata,West Bengal,East
C01184,Priya Nair,Female,57,Bengaluru,Karnataka,South
C01185,Karan Sharma,Male,30,Bengaluru,Karnataka,South
C01186,Aryan Yadav,Male,25,Kolkata,West Bengal,East
C01187,Rohan Nair,Male,36,Delhi,Delhi,North
C01188,Diya Yadav,Male,37,Delhi,Delhi,North
C01189,Aditi Sharma,Female,31,Jaipur,Rajasthan,North
C01190,Ishaan Singh,Female,53,Lucknow,Uttar Pradesh,North
C01191,Saanvi Yadav,Male,62,Jaipur,Rajasthan,North
C01192,Sneha Nair,Male,34,Delhi,Delhi,North
C01193,Vivaan Gupta,Male,62,Bengaluru,Karnataka,South
C01194,Rahul Sharma,Female,59,Guwahati,Assam,East
C01195,Aditya Roy,Female,60,Delhi,Delhi,North
C01196,Arjun Sharma,Female,59,Kolkata,West Bengal,East
C01197,Rohan Roy,Male,38,Pune,Maharashtra,West
C01198,Saanvi Mehta,Male,29,Jaipur,Rajasthan,North
C01199,Kabir Joshi,Male,20,Hyderabad,Telangana,South
C01200,Kabir Gupta,Female,49,Hyderabad,Telangana,South
C01201,Vihaan Sharma,Female,61,Pune,Maharashtra,West
C01202,Priya Kumar,Female,33,Kolkata,West Bengal,East
C01203,Rahul Sharma,Female,42,Lucknow,Uttar Pradesh,North
C01204,Meera Gupta,Male,27,Delhi,Delhi,North
C01205,Sneha Kumar,Male,23,Kolkata,West Bengal,East
C01206,Kabir Kumar,Male,44,Pune,Maharashtra,West
C01207,Riya Patel,Female,37,Hyderabad,Telangana,South
C01208,Diya Joshi,Male,31,Guwahati,Assam,East
C01209,Riya Mehta,Male,26,Bengaluru,Karnataka,South
C01210,Kabir Patel,Female,27,Chennai,Tamil Nadu,South
C01211,Vihaan Das,Male,53,Guwahati,Assam,East
C01212,Arjun Patel,Female,27,Lucknow,Uttar Pradesh,North
C01213,Diya Roy,Female,37,Delhi,Delhi,North
C01214,Rahul Patel,Male,24,Jaipur,Rajasthan,North
C01215,Vihaan Sharma,Female,56,Bengaluru,Karnataka,South
C01216,Saanvi Singh,Male,32,Guwahati,Assam,East
C01217,Priya Verma,Female,26,Delhi,Delhi,North
C01218,Saanvi Joshi,Female,29,Lucknow,Uttar Pradesh,North
C01219,Aditi Joshi,Male,28,Pune,Maharashtra,West
C01220,Rohan Sharma,Female,18,Hyderabad,Telangana,South
C01221,Neha Singh,Male,31,Chennai,Tamil Nadu,South
C01222,Vihaan Joshi,Female,62,Mumbai,Maharashtra,West
C01223,Karan Singh,Female,43,Kolkata,West Bengal,East
C01224,Saanvi Yadav,Female,64,Delhi,Delhi,North
C01225,Sneha Nair,Male,51,Kolkata,West Bengal,East
C01226,Karan Joshi,Male,33,Mumbai,Maharashtra,West
C01227,Meera Roy,Male,53,Lucknow,Uttar Pradesh,North
C01228,Kabir Kumar,Male,30,Pune,Maharashtra,West
C01229,Karan Roy,Female,36,Chennai,Tamil Nadu,South
C01230,Vihaan Roy,Female,57,Jaipur,Rajasthan,North
C01231,Kabir Patel,Female,59,Delhi,Delhi,North
C01232,Aditya Yadav,Male,29,Jaipur,Rajasthan,North
C01233,Meera Patel,Female,44,Guwahati,Assam,East
C01234,Karan Sharma,Male,47,Kolkata,West Bengal,East
C01235,Ishaan Joshi,Male,34,Guwahati,Assam,East
C01236,Vihaan Yadav,Male,23,Kolkata,West Bengal,East
C01237,Karan Kumar,Female,23,Mumbai,Maharashtra,West
C01238,Sneha Yadav,Male,42,Lucknow,Uttar Pradesh,North
C01239,Sneha Sharma,Male,39,Lucknow,Uttar Pradesh,North
C01240,Aryan Patel,Male,29,Guwahati,Assam,East
C01241,Neha Gupta,Female,64,Delhi,Delhi,North
C01242,Ananya Kumar,Male,25,Jaipur,Rajasthan,North
C01243,Ishaan Sharma,Female,18,Bengaluru,Karnataka,South
C01244,Aditi Joshi,Male,56,Jaipur,Rajasthan,North
C01245,Rohan Singh,Female,47,Jaipur,Rajasthan,North
C01246,Karan Verma,Male,33,Pune,Maharashtra,West
C01247,Rahul Nair,Male,21,Lucknow,Uttar Pradesh,North
C01248,Aryan Sharma,Female,20,Bengaluru,Karnataka,South
C01249,Vivaan Kumar,Female,39,Bengaluru,Karnataka,South
C01250,Vivaan Verma,Female,29,Mumbai,Maharashtra,West
C01251,Ananya Nair,Male,47,Bengaluru,Karnataka,South
C01252,Priya Sharma,Male,37,Guwahati,Assam,East
C01253,Priya Roy,Male,45,Kolkata,West Bengal,East
C01254,Aditya Gupta,Female,26,Lucknow,Uttar Pradesh,North
C01255,Rahul Das,Female,51,Mumbai,Maharashtra,West
C01256,Ishaan Nair,Male,24,Hyderabad,Telangana,South
C01257,Kabir Verma,Female,64,Guwahati,Assam,East
C01258,Ananya Roy,Female,34,Guwahati,Assam,East
C01259,Riya Nair,Female,26,Lucknow,Uttar Pradesh,North
C01260,Riya Joshi,Female,49,Guwahati,Assam,East
C01261,Saanvi Singh,Female,30,Bengaluru,Karnataka,South
C01262,Arjun Sharma,Female,58,Delhi,Delhi,North
C01263,Ishaan Nair,Female,44,Mumbai,Maharashtra,West
C01264,Diya Das,Male,18,Delhi,Delhi,North
C01265,Ananya Gupta,Male,37,Hyderabad,Telangana,South
C01266,Kabir Mehta,Female,18,Chennai,Tamil Nadu,South
C01267,Diya Das,Female,64,Mumbai,Maharashtra,West
C01268,Saanvi Sharma,Male,30,Guwahati,Assam,East
C01269,Diya Kumar,Female,48,Kolkata,West Bengal,East
C01270,Aryan Joshi,Male,58,Delhi,Delhi,North
C01271,Meera Das,Female,44,Jaipur,Rajasthan,North
C01272,Kabir Gupta,Female,53,Delhi,Delhi,North
C01273,Aarav Singh,Female,40,Lucknow,Uttar Pradesh,North
C01274,Aryan Gupta,Male,39,Mumbai,Maharashtra,West
C01275,Meera Patel,Female,29,Pune,Maharashtra,West
C01276,Arjun Gupta,Female,63,Guwahati,Assam,East
C01277,Rahul Roy,Male,49,Delhi,Delhi,North
C01278,Priya Joshi,Female,31,Hyderabad,Telangana,South
C01279,Ananya Patel,Male,41,Lucknow,Uttar Pradesh,North
C01280,Ishaan Verma,Female,50,Delhi,Delhi,North
C01281,Aditi Mehta,Male,30,Delhi,Delhi,North
C01282,Aditi Yadav,Female,38,Kolkata,West Bengal,East
C01283,Arjun Mehta,Male,31,Bengaluru,Karnataka,South
C01284,Karan Roy,Male,18,Delhi,Delhi,North
C01285,Vivaan Kumar,Male,39,Chennai,Tamil Nadu,South
C01286,Vivaan Verma,Female,19,Jaipur,Rajasthan,North
C01287,Ananya Kumar,Male,38,Guwahati,Assam,East
C01288,Ishaan Gupta,Female,52,Hyderabad,Telangana,South
C01289,Karan Kumar,Male,35,Kolkata,West Bengal,East
C01290,Vihaan Gupta,Male,18,Bengaluru,Karnataka,South
C01291,Meera Mehta,Male,31,Guwahati,Assam,East
C01292,Priya Mehta,Female,35,Lucknow,Uttar Pradesh,North
C01293,Ananya Nair,Male,28,Bengaluru,Karnataka,South
C01294,Ananya Nair,Female,52,Mumbai,Maharashtra,West
C01295,Vivaan Patel,Male,48,Jaipur,Rajasthan,North
C01296,Arjun Roy,Male,23,Delhi,Delhi,North
C01297,Sneha Patel,Female,57,Pune,Maharashtra,West
C01298,Ananya Das,Male,63,Kolkata,West Bengal,East
C01299,Aditya Joshi,Male,23,Lucknow,Uttar Pradesh,North
C01300,Arjun Joshi,Female,61,Jaipur,Rajasthan,North
C01301,Aditi Singh,Male,27,Jaipur,Rajasthan,North
C01302,Rahul Das,Female,29,Guwahati,Assam,East
C01303,Diya Joshi,Female,19,Kolkata,West Bengal,East
C01304,Aditi Verma,Female,48,Mumbai,Maharashtra,West
C01305,Vihaan Gupta,Female,56,Jaipur,Rajasthan,North
C01306,Aryan Mehta,Male,43,Guwahati,Assam,East
C01307,Diya Mehta,Male,37,Mumbai,Maharashtra,West
C01308,Karan Roy,Female,33,Lucknow,Uttar Pradesh,North
C01309,Rohan Mehta,Male,48,Guwahati,Assam,East
C01310,Aditya Das,Male,62,Pune,Maharashtra,West
C01311,Neha Roy,Female,52,Guwahati,Assam,East
C01312,Vihaan Kumar,Male,65,Hyderabad,Telangana,South
C01313,Aditi Verma,Female,38,Guwahati,Assam,East
C01314,Arjun Joshi,Male,37,Lucknow,Uttar Pradesh,North
C01315,Aditya Nair,Male,61,Pune,Maharashtra,West
C01316,Sneha Das,Female,59,Guwahati,Assam,East
C01317,Aditya Singh,Male,55,Delhi,Delhi,North
C01318,Aryan Kumar,Male,46,Delhi,Delhi,North
C01319,Ananya Roy,Female,30,Lucknow,Uttar Pradesh,North
C01320,Diya Gupta,Female,45,Hyderabad,Telangana,South
C01321,Aditya Nair,Male,57,Kolkata,West Bengal,East
C01322,Sneha Patel,Female,21,Lucknow,Uttar Pradesh,North
C01323,Meera Sharma,Male,63,Kolkata,West Bengal,East
C01324,Priya Verma,Female,19,Lucknow,Uttar Pradesh,North
C01325,Neha Yadav,Female,58,Hyderabad,Telangana,South
C01326,Sneha Roy,Female,45,Kolkata,West Bengal,East
C01327,Ishaan Kumar,Male,48,Lucknow,Uttar Pradesh,North
C01328,Ishaan Mehta,Female,41,Bengaluru,Karnataka,South
C01329,Aryan Gupta,Male,26,Pune,Maharashtra,West
C01330,Aditya Kumar,Male,27,Delhi,Delhi,North
C01331,Neha Patel,Male,26,Jaipur,Rajasthan,North
C01332,Karan Yadav,Female,57,Pune,Maharashtra,West
C01333,Karan Mehta,Female,53,Bengaluru,Karnataka,South
C01334,Sneha Das,Male,29,Jaipur,Rajasthan,North
C01335,Saanvi Sharma,Female,64,Pune,Maharashtra,West
C01336,Kabir Gupta,Female,52,Hyderabad,Telangana,South
C01337,Priya Sharma,Male,54,Guwahati,Assam,East
C01338,Priya Verma,Female,62,Jaipur,Rajasthan,North
C01339,Aryan Yadav,Female,47,Mumbai,Maharashtra,West
C01340,Aditya Mehta,Male,33,Lucknow,Uttar Pradesh,North
C01341,Aditya Kumar,Female,57,Jaipur,Rajasthan,North
C01342,Diya Mehta,Male,48,Delhi,Delhi,North
C01343,Kabir Joshi,Female,44,Jaipur,Rajasthan,North
C01344,Ananya Gupta,Male,20,Kolkata,West Bengal,East
C01345,Ananya Yadav,Female,21,Guwahati,Assam,East
C01346,Riya Patel,Male,60,Jaipur,Rajasthan,North
C01347,Saanvi Sharma,Female,49,Chennai,Tamil Nadu,South
C01348,Aryan Mehta,Male,35,Mumbai,Maharashtra,West
C01349,Aryan Nair,Female,35,Chennai,Tamil Nadu,South
C01350,Aarav Yadav,Male,56,Chennai,Tamil Nadu,South
C01351,Riya Yadav,Male,60,Bengaluru,Karnataka,South
C01352,Priya Patel,Female,62,Jaipur,Rajasthan,North
C01353,Aditi Patel,Male,39,Hyderabad,Telangana,South
C01354,Aryan Nair,Male,49,Mumbai,Maharashtra,West
C01355,Sneha Singh,Female,64,Pune,Maharashtra,West
C01356,Ishaan Nair,Female,21,Bengaluru,Karnataka,South
C01357,Arjun Sharma,Male,47,Chennai,Tamil Nadu,South
C01358,Aditi Gupta,Female,65,Pune,Maharashtra,West
C01359,Rohan Roy,Female,48,Lucknow,Uttar Pradesh,North
C01360,Aryan Mehta,Female,18,Chennai,Tamil Nadu,South
C01361,Karan Roy,Female,51,Chennai,Tamil Nadu,South
C01362,Arjun Mehta,Female,45,Delhi,Delhi,North
C01363,Rahul Das,Female,35,Guwahati,Assam,East
C01364,Rahul Kumar,Female,47,Mumbai,Maharashtra,West
C01365,Riya Singh,Female,61,Hyderabad,Telangana,South
C01366,Diya Mehta,Male,61,Bengaluru,Karnataka,South
C01367,Aditya Sharma,Female,24,Delhi,Delhi,North
C01368,Arjun Kumar,Female,40,Lucknow,Uttar Pradesh,North
C01369,Ananya Gupta,Male,20,Hyderabad,Telangana,South
C01370,Saanvi Verma,Male,56,Delhi,Delhi,North
C01371,Saanvi Kumar,Male,63,Hyderabad,Telangana,South
C01372,Aditya Nair,Male,42,Mumbai,Maharashtra,West
C01373,Vihaan Verma,Male,34,Guwahati,Assam,East
C01374,Karan Kumar,Male,58,Chennai,Tamil Nadu,South
C01375,Rahul Roy,Female,34,Jaipur,Rajasthan,North
C01376,Aditya Gupta,Male,42,Bengaluru,Karnataka,South
C01377,Diya Sharma,Female,34,Pune,Maharashtra,West
C01378,Karan Verma,Female,30,Bengaluru,Karnataka,South
C01379,Sneha Patel,Female,24,Guwahati,Assam,East
C01380,Meera Roy,Male,57,Bengaluru,Karnataka,South
C01381,Karan Yadav,Female,24,Mumbai,Maharashtra,West
C01382,Aditya Verma,Female,46,Delhi,Delhi,North
C01383,Aditi Patel,Male,20,Delhi,Delhi,North
C01384,Rahul Patel,Female,43,Pune,Maharashtra,West
C01385,Aarav Mehta,Female,48,Guwahati,Assam,East
C01386,Sneha Yadav,Male,52,Pune,Maharashtra,West
C01387,Aarav Roy,Female,25,Hyderabad,Telangana,South
C01388,Meera Das,Female,61,Guwahati,Assam,East
C01389,Sneha Sharma,Male,41,Chennai,Tamil Nadu,South
C01390,Diya Verma,Female,36,Lucknow,Uttar Pradesh,North
C01391,Vihaan Mehta,Male,42,Hyderabad,Telangana,South
C01392,Ananya Yadav,Female,24,Hyderabad,Telangana,South
C01393,Aditi Verma,Female,65,Kolkata,West Bengal,East
C01394,Aryan Sharma,Male,19,Hyderabad,Telangana,South
C01395,Rohan Joshi,Female,22,Guwahati,Assam,East
C01396,Ananya Joshi,Female,19,Lucknow,Uttar Pradesh,North
C01397,Diya Sharma,Female,64,Delhi,Delhi,North
C01398,Sneha Verma,Male,59,Delhi,Delhi,North
C01399,Karan Kumar,Male,65,Lucknow,Uttar Pradesh,North
C01400,Rohan Verma,Male,65,Guwahati,Assam,East
C01401,Aditi Kumar,Male,48,Bengaluru,Karnataka,South
C01402,Vivaan Singh,Male,18,Guwahati,Assam,East
C01403,Vivaan Gupta,Male,47,Bengaluru,Karnataka,South
C01404,Vihaan Nair,Male,24,Guwahati,Assam,East
C01405,Aditi Nair,Male,22,Mumbai,Maharashtra,West
C01406,Neha Das,Female,38,Hyderabad,Telangana,South
C01407,Riya Mehta,Male,38,Mumbai,Maharashtra,West
C01408,Vivaan Nair,Male,39,Hyderabad,Telangana,South
C01409,Arjun Gupta,Male,44,Mumbai,Maharashtra,West
C01410,Priya Mehta,Male,46,Bengaluru,Karnataka,South
C01411,Riya Sharma,Male,24,Hyderabad,Telangana,South
C01412,Sneha Patel,Male,49,Guwahati,Assam,East
C01413,Aarav Sharma,Male,23,Mumbai,Maharashtra,West
C01414,Ananya Roy,Female,62,Guwahati,Assam,East
C01415,Ishaan Patel,Female,51,Bengaluru,Karnataka,South
C01416,Neha Singh,Male,57,Jaipur,Rajasthan,North
C01417,Saanvi Patel,Female,57,Delhi,Delhi,North
C01418,Ananya Das,Female,18,Mumbai,Maharashtra,West
C01419,Rohan Singh,Male,51,Lucknow,Uttar Pradesh,North
C01420,Saanvi Das,Male,47,Mumbai,Maharashtra,West
C01421,Rahul Sharma,Male,25,Hyderabad,Telangana,South
C01422,Aditi Joshi,Male,28,Bengaluru,Karnataka,South
C01423,Vivaan Kumar,Female,36,Delhi,Delhi,North
C01424,Neha Gupta,Female,57,Hyderabad,Telangana,South
C01425,Vivaan Verma,Male,52,Jaipur,Rajasthan,North
C01426,Vihaan Sharma,Female,50,Bengaluru,Karnataka,South
C01427,Aditya Singh,Female,55,Mumbai,Maharashtra,West
C01428,Diya Roy,Male,65,Guwahati,Assam,East
C01429,Rohan Verma,Female,32,Kolkata,West Bengal,East
C01430,Rohan Yadav,Female,30,Mumbai,Maharashtra,West
C01431,Rohan Verma,Female,55,Pune,Maharashtra,West
C01432,Vivaan Roy,Male,31,Jaipur,Rajasthan,North
C01433,Karan Patel,Female,41,Guwahati,Assam,East
C01434,Karan Yadav,Male,58,Bengaluru,Karnataka,South
C01435,Rahul Singh,Female,26,Kolkata,West Bengal,East
C01436,Riya Sharma,Female,26,Delhi,Delhi,North
C01437,Karan Joshi,Female,28,Mumbai,Maharashtra,West
C01438,Rohan Gupta,Male,58,Kolkata,West Bengal,East
C01439,Vihaan Nair,Male,23,Guwahati,Assam,East
C01440,Kabir Joshi,Male,55,Pune,Maharashtra,West
C01441,Karan Gupta,Male,64,Jaipur,Rajasthan,North
C01442,Rohan Singh,Female,45,Pune,Maharashtra,West
C01443,Rohan Nair,Male,54,Guwahati,Assam,East
C01444,Neha Sharma,Male,48,Delhi,Delhi,North
C01445,Vivaan Roy,Female,48,Lucknow,Uttar Pradesh,North
C01446,Karan Joshi,Male,23,Mumbai,Maharashtra,West
C01447,Aarav Yadav,Female,31,Lucknow,Uttar Pradesh,North
C01448,Priya Gupta,Male,59,Bengaluru,Karnataka,South
C01449,Aarav Joshi,Female,28,Mumbai,Maharashtra,West
C01450,Riya Yadav,Male,47,Jaipur,Rajasthan,North
C01451,Aryan Yadav,Female,29,Jaipur,Rajasthan,North
C01452,Karan Yadav,Male,58,Kolkata,West Bengal,East
C01453,Sneha Yadav,Female,51,Mumbai,Maharashtra,West
C01454,Ananya Roy,Female,62,Delhi,Delhi,North
C01455,Meera Nair,Male,61,Guwahati,Assam,East
C01456,Saanvi Das,Male,50,Mumbai,Maharashtra,West
C01457,Vivaan Verma,Female,41,Kolkata,West Bengal,East
C01458,Saanvi Sharma,Female,41,Jaipur,Rajasthan,North
C01459,Meera Yadav,Male,53,Bengaluru,Karnataka,South
C01460,Aryan Das,Male,52,Hyderabad,Telangana,South
C01461,Aditi Yadav,Male,65,Mumbai,Maharashtra,West
C01462,Diya Das,Female,50,Hyderabad,Telangana,South
C01463,Rahul Sharma,Male,41,Pune,Maharashtra,West
C01464,Karan Joshi,Male,48,Kolkata,West Bengal,East
C01465,Meera Gupta,Female,57,Lucknow,Uttar Pradesh,North
C01466,Aditya Singh,Female,23,Kolkata,West Bengal,East
C01467,Sneha Patel,Female,22,Mumbai,Maharashtra,West
C01468,Vihaan Gupta,Male,62,Mumbai,Maharashtra,West
C01469,Aditi Patel,Male,51,Bengaluru,Karnataka,South
C01470,Ananya Roy,Male,48,Delhi,Delhi,North
C01471,Neha Joshi,Male,36,Kolkata,West Bengal,East
C01472,Aditya Sharma,Male,51,Hyderabad,Telangana,South
C01473,Neha Nair,Female,59,Kolkata,West Bengal,East
C01474,Aditi Nair,Female,47,Kolkata,West Bengal,East
C01475,Riya Patel,Female,28,Chennai,Tamil Nadu,South
C01476,Rohan Joshi,Female,36,Chennai,Tamil Nadu,South
C01477,Aryan Das,Female,47,Delhi,Delhi,North
C01478,Saanvi Patel,Female,29,Bengaluru,Karnataka,South
C01479,Aryan Patel,Male,25,Bengaluru,Karnataka,South
C01480,Diya Nair,Male,46,Delhi,Delhi,North
C01481,Priya Patel,Male,53,Chennai,Tamil Nadu,South
C01482,Diya Das,Male,41,Delhi,Delhi,North
C01483,Meera Patel,Female,25,Jaipur,Rajasthan,North
C01484,Sneha Joshi,Male,47,Delhi,Delhi,North
C01485,Aryan Sharma,Female,59,Kolkata,West Bengal,East
C01486,Aditi Gupta,Male,54,Chennai,Tamil Nadu,South
C01487,Diya Yadav,Male,64,Jaipur,Rajasthan,North
C01488,Vivaan Patel,Male,37,Jaipur,Rajasthan,North
C01489,Sneha Nair,Male,46,Delhi,Delhi,North
C01490,Aditya Das,Male,56,Kolkata,West Bengal,East
C01491,Riya Mehta,Male,35,Hyderabad,Telangana,South
C01492,Aarav Verma,Female,61,Hyderabad,Telangana,South
C01493,Kabir Roy,Male,49,Mumbai,Maharashtra,West
C01494,Saanvi Nair,Male,60,Kolkata,West Bengal,East
C01495,Sneha Patel,Female,41,Kolkata,West Bengal,East
C01496,Priya Sharma,Female,40,Pune,Maharashtra,West
C01497,Ananya Joshi,Male,31,Kolkata,West Bengal,East
C01498,Neha Joshi,Female,28,Jaipur,Rajasthan,North
C01499,Neha Patel,Male,27,Pune,Maharashtra,West
C01500,Ananya Joshi,Female,22,Hyderabad,Telangana,South
C01501,Sneha Verma,Male,44,Guwahati,Assam,East
C01502,Neha Patel,Female,63,Chennai,Tamil Nadu,South
C01503,Aryan Singh,Male,42,Guwahati,Assam,East
C01504,Meera Joshi,Male,37,Chennai,Tamil Nadu,South
C01505,Ananya Joshi,Female,32,Guwahati,Assam,East
C01506,Aarav Patel,Female,37,Delhi,Delhi,North
C01507,Arjun Kumar,Female,44,Jaipur,Rajasthan,North
C01508,Aditi Yadav,Male,19,Bengaluru,Karnataka,South
C01509,Rahul Joshi,Male,56,Mumbai,Maharashtra,West
C01510,Riya Joshi,Female,34,Kolkata,West Bengal,East
C01511,Arjun Das,Male,34,Jaipur,Rajasthan,North
C01512,Riya Sharma,Male,38,Bengaluru,Karnataka,South
C01513,Aryan Das,Male,21,Jaipur,Rajasthan,North
C01514,Priya Roy,Female,21,Chennai,Tamil Nadu,South
C01515,Ananya Mehta,Male,50,Chennai,Tamil Nadu,South
C01516,Vihaan Verma,Male,52,Hyderabad,Telangana,South
C01517,Diya Kumar,Female,35,Kolkata,West Bengal,East
C01518,Arjun Mehta,Female,27,Kolkata,West Bengal,East
C01519,Aryan Mehta,Female,41,Delhi,Delhi,North
C01520,Neha Das,Male,24,Jaipur,Rajasthan,North
C01521,Aryan Mehta,Male,30,Hyderabad,Telangana,South
C01522,Saanvi Yadav,Male,44,Lucknow,Uttar Pradesh,North
C01523,Aditya Verma,Male,19,Jaipur,Rajasthan,North
C01524,Priya Gupta,Female,26,Jaipur,Rajasthan,North
C01525,Saanvi Mehta,Female,29,Jaipur,Rajasthan,North
C01526,Aarav Yadav,Male,32,Chennai,Tamil Nadu,South
C01527,Aryan Yadav,Male,37,Bengaluru,Karnataka,South
C01528,Ishaan Patel,Male,45,Bengaluru,Karnataka,South
C01529,Aditya Sharma,Female,45,Mumbai,Maharashtra,West
C01530,Ishaan Verma,Male,60,Delhi,Delhi,North
C01531,Riya Sharma,Female,25,Lucknow,Uttar Pradesh,North
C01532,Vivaan Verma,Female,60,Chennai,Tamil Nadu,South
C01533,Arjun Verma,Male,55,Delhi,Delhi,North
C01534,Vihaan Kumar,Female,19,Hyderabad,Telangana,South
C01535,Aryan Yadav,Female,55,Mumbai,Maharashtra,West
C01536,Priya Patel,Male,50,Kolkata,West Bengal,East
C01537,Aditya Verma,Male,51,Guwahati,Assam,East
C01538,Ishaan Gupta,Male,52,Hyderabad,Telangana,South
C01539,Arjun Singh,Female,41,Delhi,Delhi,North
C01540,Vihaan Joshi,Male,29,Guwahati,Assam,East
C01541,Sneha Roy,Male,50,Kolkata,West Bengal,East
C01542,Neha Verma,Female,25,Hyderabad,Telangana,South
C01543,Arjun Mehta,Male,49,Jaipur,Rajasthan,North
C01544,Ananya Mehta,Male,23,Kolkata,West Bengal,East
C01545,Aditi Verma,Female,36,Kolkata,West Bengal,East
C01546,Saanvi Yadav,Female,61,Jaipur,Rajasthan,North
C01547,Rohan Mehta,Female,36,Jaipur,Rajasthan,North
C01548,Ishaan Verma,Female,61,Pune,Maharashtra,West
C01549,Vihaan Sharma,Female,61,Kolkata,West Bengal,East
C01550,Sneha Joshi,Male,25,Mumbai,Maharashtra,West
C01551,Sneha Roy,Male,65,Bengaluru,Karnataka,South
C01552,Aditya Das,Male,39,Bengaluru,Karnataka,South
C01553,Saanvi Roy,Male,32,Hyderabad,Telangana,South
C01554,Aditi Gupta,Female,59,Pune,Maharashtra,West
C01555,Priya Joshi,Female,49,Pune,Maharashtra,West
C01556,Rahul Patel,Female,24,Lucknow,Uttar Pradesh,North
C01557,Rahul Joshi,Female,32,Mumbai,Maharashtra,West
C01558,Aarav Verma,Male,22,Bengaluru,Karnataka,South
C01559,Aarav Patel,Female,56,Jaipur,Rajasthan,North
C01560,Aryan Gupta,Male,22,Kolkata,West Bengal,East
C01561,Aditi Joshi,Male,36,Lucknow,Uttar Pradesh,North
C01562,Aditi Mehta,Female,52,Jaipur,Rajasthan,North
C01563,Meera Mehta,Male,20,Kolkata,West Bengal,East
C01564,Arjun Roy,Female,38,Pune,Maharashtra,West
C01565,Karan Joshi,Male,20,Pune,Maharashtra,West
C01566,Meera Kumar,Female,63,Bengaluru,Karnataka,South
C01567,Aditi Roy,Male,37,Bengaluru,Karnataka,South
C01568,Aditi Verma,Female,60,Pune,Maharashtra,West
C01569,Meera Nair,Female,48,Lucknow,Uttar Pradesh,North
C01570,Vihaan Mehta,Male,43,Lucknow,Uttar Pradesh,North
C01571,Aditi Nair,Female,57,Chennai,Tamil Nadu,South
C01572,Ananya Das,Male,19,Kolkata,West Bengal,East
C01573,Vivaan Patel,Female,40,Guwahati,Assam,East
C01574,Aarav Kumar,Female,42,Guwahati,Assam,East
C01575,Neha Das,Female,44,Mumbai,Maharashtra,West
C01576,Vivaan Kumar,Male,33,Kolkata,West Bengal,East
C01577,Ananya Nair,Male,62,Hyderabad,Telangana,South
C01578,Ananya Verma,Female,28,Mumbai,Maharashtra,West
C01579,Meera Das,Male,47,Delhi,Delhi,North
C01580,Riya Mehta,Female,35,Pune,Maharashtra,West
C01581,Aditi Nair,Male,38,Delhi,Delhi,North
C01582,Riya Roy,Female,54,Pune,Maharashtra,West
C01583,Aditi Verma,Male,39,Mumbai,Maharashtra,West
C01584,Kabir Kumar,Female,28,Jaipur,Rajasthan,North
C01585,Ananya Das,Female,30,Guwahati,Assam,East
C01586,Aditya Mehta,Male,36,Jaipur,Rajasthan,North
C01587,Vivaan Gupta,Female,32,Chennai,Tamil Nadu,South
C01588,Aditya Yadav,Male,55,Guwahati,Assam,East
C01589,Rahul Verma,Female,45,Kolkata,West Bengal,East
C01590,Priya Verma,Female,50,Hyderabad,Telangana,South
C01591,Neha Kumar,Female,30,Chennai,Tamil Nadu,South
C01592,Sneha Gupta,Female,60,Pune,Maharashtra,West
C01593,Vihaan Sharma,Male,54,Lucknow,Uttar Pradesh,North
C01594,Ishaan Kumar,Female,35,Jaipur,Rajasthan,North
C01595,Saanvi Roy,Male,51,Lucknow,Uttar Pradesh,North
C01596,Priya Joshi,Male,33,Hyderabad,Telangana,South
C01597,Ananya Roy,Female,38,Bengaluru,Karnataka,South
C01598,Ishaan Roy,Female,36,Mumbai,Maharashtra,West
C01599,Rahul Kumar,Male,43,Bengaluru,Karnataka,South
C01600,Arjun Patel,Male,19,Hyderabad,Telangana,South
C01601,Ananya Joshi,Female,53,Hyderabad,Telangana,South
C01602,Neha Kumar,Male,30,Pune,Maharashtra,West
C01603,Rahul Patel,Male,34,Bengaluru,Karnataka,South
C01604,Meera Patel,Male,64,Chennai,Tamil Nadu,South
C01605,Aarav Sharma,Male,38,Jaipur,Rajasthan,North
C01606,Ananya Verma,Female,41,Guwahati,Assam,East
C01607,Sneha Yadav,Male,33,Mumbai,Maharashtra,West
C01608,Riya Yadav,Male,51,Mumbai,Maharashtra,West
C01609,Kabir Gupta,Female,23,Guwahati,Assam,East
C01610,Saanvi Verma,Female,39,Hyderabad,Telangana,South
C01611,Sneha Yadav,Male,45,Guwahati,Assam,East
C01612,Aryan Verma,Male,31,Hyderabad,Telangana,South
C01613,Karan Roy,Female,55,Chennai,Tamil Nadu,South
C01614,Aditi Mehta,Female,62,Delhi,Delhi,North
C01615,Diya Mehta,Female,48,Mumbai,Maharashtra,West
C01616,Rahul Patel,Female,48,Hyderabad,Telangana,South
C01617,Ananya Sharma,Male,65,Kolkata,West Bengal,East
C01618,Rohan Gupta,Female,37,Delhi,Delhi,North
C01619,Arjun Mehta,Male,46,Kolkata,West Bengal,East
C01620,Aarav Roy,Female,37,Pune,Maharashtra,West
C01621,Rohan Gupta,Male,28,Mumbai,Maharashtra,West
C01622,Diya Kumar,Female,20,Jaipur,Rajasthan,North
C01623,Aditya Joshi,Female,65,Chennai,Tamil Nadu,South
C01624,Diya Yadav,Female,24,Pune,Maharashtra,West
C01625,Rahul Mehta,Male,40,Bengaluru,Karnataka,South
C01626,Saanvi Yadav,Female,47,Pune,Maharashtra,West
C01627,Vivaan Kumar,Male,58,Delhi,Delhi,North
C01628,Aryan Sharma,Female,30,Jaipur,Rajasthan,North
C01629,Diya Nair,Male,25,Chennai,Tamil Nadu,South
C01630,Rohan Mehta,Male,56,Bengaluru,Karnataka,South
C01631,Diya Joshi,Female,65,Pune,Maharashtra,West
C01632,Rahul Patel,Female,36,Bengaluru,Karnataka,South
C01633,Aditya Roy,Female,29,Hyderabad,Telangana,South
C01634,Sneha Nair,Male,19,Pune,Maharashtra,West
C01635,Meera Kumar,Male,23,Delhi,Delhi,North
C01636,Ishaan Gupta,Male,21,Jaipur,Rajasthan,North
C01637,Saanvi Roy,Female,27,Pune,Maharashtra,West
C01638,Priya Patel,Male,18,Mumbai,Maharashtra,West
C01639,Neha Joshi,Female,25,Lucknow,Uttar Pradesh,North
C01640,Ishaan Singh,Female,36,Hyderabad,Telangana,South
C01641,Sneha Patel,Female,31,Jaipur,Rajasthan,North
C01642,Ishaan Gupta,Male,44,Guwahati,Assam,East
C01643,Neha Patel,Male,36,Bengaluru,Karnataka,South
C01644,Rohan Nair,Female,33,Chennai,Tamil Nadu,South
C01645,Riya Kumar,Female,23,Kolkata,West Bengal,East
C01646,Aditi Patel,Female,62,Delhi,Delhi,North
C01647,Ishaan Yadav,Female,63,Pune,Maharashtra,West
C01648,Saanvi Gupta,Male,24,Pune,Maharashtra,West
C01649,Vivaan Sharma,Female,33,Lucknow,Uttar Pradesh,North
C01650,Priya Nair,Male,18,Jaipur,Rajasthan,North
C01651,Kabir Nair,Female,37,Chennai,Tamil Nadu,South
C01652,Priya Patel,Male,55,Pune,Maharashtra,West
C01653,Rahul Patel,Female,39,Bengaluru,Karnataka,South
C01654,Aryan Verma,Female,63,Jaipur,Rajasthan,North
C01655,Neha Patel,Female,25,Lucknow,Uttar Pradesh,North
C01656,Vivaan Patel,Female,35,Kolkata,West Bengal,East
C01657,Neha Gupta,Female,57,Kolkata,West Bengal,East
C01658,Kabir Das,Female,28,Chennai,Tamil Nadu,South
C01659,Aditi Patel,Female,21,Kolkata,West Bengal,East
C01660,Aryan Sharma,Male,29,Hyderabad,Telangana,South
C01661,Aditi Gupta,Male,63,Delhi,Delhi,North
C01662,Neha Verma,Female,20,Jaipur,Rajasthan,North
C01663,Priya Yadav,Female,47,Jaipur,Rajasthan,North
C01664,Arjun Yadav,Male,25,Jaipur,Rajasthan,North
C01665,Aditya Singh,Female,29,Kolkata,West Bengal,East
C01666,Kabir Gupta,Male,55,Bengaluru,Karnataka,South
C01667,Kabir Nair,Male,44,Delhi,Delhi,North
C01668,Rohan Joshi,Male,39,Mumbai,Maharashtra,West
C01669,Ananya Kumar,Male,43,Delhi,Delhi,North
C01670,Riya Verma,Female,27,Kolkata,West Bengal,East
C01671,Aditya Joshi,Female,47,Delhi,Delhi,North
C01672,Saanvi Kumar,Male,39,Chennai,Tamil Nadu,South
C01673,Saanvi Joshi,Female,64,Delhi,Delhi,North
C01674,Aryan Singh,Male,59,Guwahati,Assam,East
C01675,Diya Sharma,Male,53,Chennai,Tamil Nadu,South
C01676,Sneha Verma,Female,34,Guwahati,Assam,East
C01677,Rohan Roy,Male,19,Bengaluru,Karnataka,South
C01678,Vihaan Roy,Female,36,Hyderabad,Telangana,South
C01679,Arjun Gupta,Female,45,Bengaluru,Karnataka,South
C01680,Saanvi Patel,Female,60,Chennai,Tamil Nadu,South
C01681,Priya Mehta,Male,49,Mumbai,Maharashtra,West
C01682,Sneha Joshi,Female,54,Jaipur,Rajasthan,North
C01683,Neha Verma,Female,41,Guwahati,Assam,East
C01684,Vihaan Roy,Female,23,Guwahati,Assam,East
C01685,Kabir Das,Female,61,Delhi,Delhi,North
C01686,Aryan Joshi,Male,36,Hyderabad,Telangana,South
C01687,Neha Verma,Female,37,Jaipur,Rajasthan,North
C01688,Aryan Kumar,Female,33,Bengaluru,Karnataka,South
C01689,Neha Gupta,Male,53,Lucknow,Uttar Pradesh,North
C01690,Vivaan Mehta,Male,50,Mumbai,Maharashtra,West
C01691,Neha Verma,Female,60,Pune,Maharashtra,West
C01692,Rahul Das,Female,55,Guwahati,Assam,East
C01693,Kabir Sharma,Male,65,Mumbai,Maharashtra,West
C01694,Vihaan Patel,Female,20,Jaipur,Rajasthan,North
C01695,Neha Yadav,Female,38,Mumbai,Maharashtra,West
C01696,Karan Kumar,Female,57,Guwahati,Assam,East
C01697,Diya Patel,Male,29,Chennai,Tamil Nadu,South
C01698,Saanvi Gupta,Male,45,Mumbai,Maharashtra,West
C01699,Aarav Sharma,Female,25,Lucknow,Uttar Pradesh,North
C01700,Vihaan Kumar,Female,47,Delhi,Delhi,North
C01701,Saanvi Yadav,Female,37,Pune,Maharashtra,West
C01702,Saanvi Das,Female,37,Guwahati,Assam,East
C01703,Aryan Patel,Male,30,Mumbai,Maharashtra,West
C01704,Aarav Yadav,Male,19,Mumbai,Maharashtra,West
C01705,Aditi Kumar,Male,59,Hyderabad,Telangana,South
C01706,Neha Kumar,Male,23,Hyderabad,Telangana,South
C01707,Karan Patel,Female,45,Chennai,Tamil Nadu,South
C01708,Arjun Patel,Male,65,Delhi,Delhi,North
C01709,Aditi Joshi,Male,46,Jaipur,Rajasthan,North
C01710,Rohan Singh,Female,54,Guwahati,Assam,East
C01711,Vivaan Das,Male,24,Pune,Maharashtra,West
C01712,Neha Joshi,Female,20,Pune,Maharashtra,West
C01713,Sneha Joshi,Female,32,Jaipur,Rajasthan,North
C01714,Kabir Sharma,Female,54,Delhi,Delhi,North
C01715,Meera Verma,Female,59,Kolkata,West Bengal,East
C01716,Aditi Verma,Female,57,Pune,Maharashtra,West
C01717,Karan Yadav,Female,19,Kolkata,West Bengal,East
C01718,Ananya Yadav,Male,48,Bengaluru,Karnataka,South
C01719,Karan Singh,Male,55,Kolkata,West Bengal,East
C01720,Saanvi Yadav,Female,26,Kolkata,West Bengal,East
C01721,Sneha Roy,Female,48,Chennai,Tamil Nadu,South
C01722,Saanvi Singh,Female,62,Bengaluru,Karnataka,South
C01723,Aditi Patel,Male,30,Mumbai,Maharashtra,West
C01724,Saanvi Joshi,Male,44,Bengaluru,Karnataka,South
C01725,Ananya Singh,Male,53,Jaipur,Rajasthan,North
C01726,Aarav Das,Female,40,Delhi,Delhi,North
C01727,Vihaan Mehta,Male,22,Bengaluru,Karnataka,South
C01728,Neha Verma,Male,25,Kolkata,West Bengal,East
C01729,Rohan Joshi,Female,39,Lucknow,Uttar Pradesh,North
C01730,Vivaan Mehta,Female,27,Kolkata,West Bengal,East
C01731,Saanvi Kumar,Male,63,Lucknow,Uttar Pradesh,North
C01732,Karan Joshi,Male,24,Delhi,Delhi,North
C01733,Saanvi Verma,Male,50,Guwahati,Assam,East
C01734,Vihaan Kumar,Male,31,Mumbai,Maharashtra,West
C01735,Vihaan Yadav,Female,63,Kolkata,West Bengal,East
C01736,Kabir Joshi,Male,27,Jaipur,Rajasthan,North
C01737,Diya Patel,Male,30,Kolkata,West Bengal,East
C01738,Neha Sharma,Male,48,Jaipur,Rajasthan,North
C01739,Ananya Mehta,Male,23,Kolkata,West Bengal,East
C01740,Priya Yadav,Female,41,Chennai,Tamil Nadu,South
C01741,Aryan Mehta,Female,32,Hyderabad,Telangana,South
C01742,Neha Roy,Female,47,Bengaluru,Karnataka,South
C01743,Priya Sharma,Female,27,Lucknow,Uttar Pradesh,North
C01744,Kabir Verma,Male,39,Delhi,Delhi,North
C01745,Sneha Patel,Female,21,Kolkata,West Bengal,East
C01746,Vivaan Kumar,Male,54,Pune,Maharashtra,West
C01747,Kabir Gupta,Female,43,Delhi,Delhi,North
C01748,Ananya Yadav,Female,40,Lucknow,Uttar Pradesh,North
C01749,Rahul Mehta,Male,62,Delhi,Delhi,North
C01750,Karan Kumar,Male,52,Pune,Maharashtra,West
C01751,Saanvi Kumar,Female,62,Guwahati,Assam,East
C01752,Sneha Singh,Female,23,Kolkata,West Bengal,East
C01753,Meera Das,Female,64,Delhi,Delhi,North
C01754,Kabir Mehta,Female,31,Bengaluru,Karnataka,South
C01755,Kabir Mehta,Female,51,Mumbai,Maharashtra,West
C01756,Vihaan Sharma,Male,52,Kolkata,West Bengal,East
C01757,Rahul Singh,Female,64,Guwahati,Assam,East
C01758,Kabir Verma,Male,41,Pune,Maharashtra,West
C01759,Kabir Das,Male,21,Chennai,Tamil Nadu,South
C01760,Karan Gupta,Male,47,Mumbai,Maharashtra,West
C01761,Rohan Yadav,Male,40,Kolkata,West Bengal,East
C01762,Ananya Kumar,Male,63,Chennai,Tamil Nadu,South
C01763,Kabir Yadav,Male,24,Pune,Maharashtra,West
C01764,Kabir Nair,Male,41,Kolkata,West Bengal,East
C01765,Arjun Patel,Female,44,Jaipur,Rajasthan,North
C01766,Aditya Sharma,Female,26,Mumbai,Maharashtra,West
C01767,Ishaan Joshi,Male,41,Jaipur,Rajasthan,North
C01768,Sneha Nair,Female,34,Lucknow,Uttar Pradesh,North
C01769,Aditi Kumar,Female,46,Guwahati,Assam,East
C01770,Neha Patel,Male,50,Jaipur,Rajasthan,North
C01771,Aditi Yadav,Female,26,Bengaluru,Karnataka,South
C01772,Kabir Verma,Male,47,Lucknow,Uttar Pradesh,North
C01773,Vivaan Yadav,Male,53,Jaipur,Rajasthan,North
C01774,Arjun Nair,Female,25,Kolkata,West Bengal,East
C01775,Priya Nair,Female,20,Mumbai,Maharashtra,West
C01776,Aryan Verma,Female,37,Lucknow,Uttar Pradesh,North
C01777,Ananya Gupta,Female,19,Kolkata,West Bengal,East
C01778,Aryan Nair,Female,21,Bengaluru,Karnataka,South
C01779,Ananya Singh,Male,65,Chennai,Tamil Nadu,South
C01780,Aarav Verma,Female,22,Jaipur,Rajasthan,North
C01781,Neha Joshi,Female,54,Delhi,Delhi,North
C01782,Diya Roy,Female,64,Jaipur,Rajasthan,North
C01783,Aryan Patel,Female,46,Guwahati,Assam,East
C01784,Aryan Yadav,Female,23,Jaipur,Rajasthan,North
C01785,Saanvi Roy,Female,32,Guwahati,Assam,East
C01786,Diya Mehta,Male,60,Pune,Maharashtra,West
C01787,Rahul Kumar,Male,28,Jaipur,Rajasthan,North
C01788,Riya Kumar,Female,53,Delhi,Delhi,North
C01789,Meera Verma,Male,57,Mumbai,Maharashtra,West
C01790,Riya Sharma,Male,48,Lucknow,Uttar Pradesh,North
C01791,Aarav Verma,Male,19,Lucknow,Uttar Pradesh,North
C01792,Ishaan Singh,Female,23,Chennai,Tamil Nadu,South
C01793,Saanvi Das,Female,55,Lucknow,Uttar Pradesh,North
C01794,Aditi Sharma,Female,45,Delhi,Delhi,North
C01795,Neha Sharma,Female,42,Bengaluru,Karnataka,South
C01796,Aditya Verma,Male,52,Chennai,Tamil Nadu,South
C01797,Ananya Patel,Male,34,Bengaluru,Karnataka,South
C01798,Aryan Gupta,Female,61,Mumbai,Maharashtra,West
C01799,Vivaan Nair,Female,29,Bengaluru,Karnataka,South
C01800,Vivaan Gupta,Female,24,Delhi,Delhi,North
C01801,Aryan Roy,Female,34,Kolkata,West Bengal,East
C01802,Arjun Sharma,Male,33,Pune,Maharashtra,West
C01803,Riya Singh,Female,50,Guwahati,Assam,East
C01804,Sneha Verma,Female,21,Lucknow,Uttar Pradesh,North
C01805,Karan Mehta,Female,22,Kolkata,West Bengal,East
C01806,Aarav Roy,Male,19,Jaipur,Rajasthan,North
C01807,Meera Nair,Male,33,Chennai,Tamil Nadu,South
C01808,Aryan Gupta,Female,46,Lucknow,Uttar Pradesh,North
C01809,Kabir Singh,Male,41,Mumbai,Maharashtra,West
C01810,Vihaan Singh,Female,53,Lucknow,Uttar Pradesh,North
C01811,Vivaan Sharma,Female,57,Jaipur,Rajasthan,North
C01812,Vihaan Sharma,Male,48,Chennai,Tamil Nadu,South
C01813,Saanvi Gupta,Female,40,Chennai,Tamil Nadu,South
C01814,Riya Mehta,Female,20,Hyderabad,Telangana,South
C01815,Meera Nair,Male,37,Bengaluru,Karnataka,South
C01816,Sneha Yadav,Male,26,Mumbai,Maharashtra,West
C01817,Rahul Roy,Male,57,Lucknow,Uttar Pradesh,North
C01818,Diya Kumar,Female,58,Lucknow,Uttar Pradesh,North
C01819,Karan Gupta,Male,60,Chennai,Tamil Nadu,South
C01820,Diya Singh,Female,56,Kolkata,West Bengal,East
C01821,Aarav Yadav,Male,59,Kolkata,West Bengal,East
C01822,Saanvi Joshi,Male,18,Delhi,Delhi,North
C01823,Neha Mehta,Female,43,Bengaluru,Karnataka,South
C01824,Aditya Kumar,Male,52,Lucknow,Uttar Pradesh,North
C01825,Karan Kumar,Male,40,Delhi,Delhi,North
C01826,Saanvi Das,Female,29,Pune,Maharashtra,West
C01827,Arjun Joshi,Female,30,Delhi,Delhi,North
C01828,Aarav Singh,Male,35,Jaipur,Rajasthan,North
C01829,Ishaan Verma,Female,63,Kolkata,West Bengal,East
C01830,Rohan Joshi,Female,20,Hyderabad,Telangana,South
C01831,Aditi Yadav,Male,18,Chennai,Tamil Nadu,South
C01832,Sneha Verma,Female,54,Hyderabad,Telangana,South
C01833,Aditi Patel,Male,60,Lucknow,Uttar Pradesh,North
C01834,Saanvi Nair,Male,22,Guwahati,Assam,East
C01835,Aryan Yadav,Male,26,Guwahati,Assam,East
C01836,Riya Singh,Female,30,Chennai,Tamil Nadu,South
C01837,Meera Nair,Female,61,Delhi,Delhi,North
C01838,Karan Sharma,Female,59,Lucknow,Uttar Pradesh,North
C01839,Diya Roy,Female,35,Delhi,Delhi,North
C01840,Kabir Joshi,Female,41,Mumbai,Maharashtra,West
C01841,Vivaan Yadav,Male,21,Lucknow,Uttar Pradesh,North
C01842,Neha Mehta,Female,38,Chennai,Tamil Nadu,South
C01843,Sneha Singh,Female,23,Delhi,Delhi,North
C01844,Aarav Yadav,Male,62,Guwahati,Assam,East
C01845,Aditya Singh,Male,28,Pune,Maharashtra,West
C01846,Ananya Verma,Male,19,Kolkata,West Bengal,East
C01847,Neha Sharma,Female,34,Jaipur,Rajasthan,North
C01848,Arjun Joshi,Male,39,Hyderabad,Telangana,South
C01849,Diya Mehta,Male,22,Delhi,Delhi,North
C01850,Saanvi Joshi,Male,58,Guwahati,Assam,East
C01851,Riya Verma,Male,21,Jaipur,Rajasthan,North
C01852,Sneha Das,Male,26,Delhi,Delhi,North
C01853,Karan Sharma,Female,57,Delhi,Delhi,North
C01854,Aditya Verma,Male,53,Pune,Maharashtra,West
C01855,Ananya Roy,Female,24,Delhi,Delhi,North
C01856,Neha Singh,Male,47,Guwahati,Assam,East
C01857,Karan Roy,Male,39,Pune,Maharashtra,West
C01858,Karan Mehta,Female,55,Delhi,Delhi,North
C01859,Arjun Verma,Male,56,Hyderabad,Telangana,South
C01860,Riya Singh,Male,58,Mumbai,Maharashtra,West
C01861,Rahul Das,Female,48,Lucknow,Uttar Pradesh,North
C01862,Karan Patel,Male,26,Guwahati,Assam,East
C01863,Vivaan Patel,Female,55,Delhi,Delhi,North
C01864,Kabir Kumar,Female,37,Pune,Maharashtra,West
C01865,Meera Patel,Male,48,Guwahati,Assam,East
C01866,Saanvi Das,Female,41,Chennai,Tamil Nadu,South
C01867,Kabir Nair,Male,21,Delhi,Delhi,North
C01868,Kabir Mehta,Male,45,Hyderabad,Telangana,South
C01869,Ishaan Singh,Male,22,Kolkata,West Bengal,East
C01870,Ishaan Kumar,Female,62,Kolkata,West Bengal,East
C01871,Saanvi Yadav,Female,55,Jaipur,Rajasthan,North
C01872,Diya Nair,Female,44,Guwahati,Assam,East
C01873,Vihaan Verma,Female,20,Kolkata,West Bengal,East
C01874,Rohan Sharma,Male,62,Jaipur,Rajasthan,North
C01875,Karan Nair,Male,33,Hyderabad,Telangana,South
C01876,Diya Yadav,Female,31,Jaipur,Rajasthan,North
C01877,Vihaan Sharma,Female,18,Pune,Maharashtra,West
C01878,Priya Sharma,Male,27,Mumbai,Maharashtra,West
C01879,Karan Singh,Female,20,Chennai,Tamil Nadu,South
C01880,Ishaan Singh,Female,29,Delhi,Delhi,North
C01881,Rahul Yadav,Male,39,Hyderabad,Telangana,South
C01882,Rohan Patel,Male,19,Lucknow,Uttar Pradesh,North
C01883,Rahul Verma,Male,61,Bengaluru,Karnataka,South
C01884,Sneha Kumar,Male,39,Bengaluru,Karnataka,South
C01885,Ananya Joshi,Male,41,Hyderabad,Telangana,South
C01886,Vihaan Mehta,Female,63,Kolkata,West Bengal,East
C01887,Arjun Patel,Male,30,Mumbai,Maharashtra,West
C01888,Meera Roy,Female,38,Hyderabad,Telangana,South
C01889,Neha Kumar,Male,20,Guwahati,Assam,East
C01890,Riya Singh,Female,27,Guwahati,Assam,East
C01891,Rohan Sharma,Female,26,Kolkata,West Bengal,East
C01892,Riya Joshi,Male,64,Lucknow,Uttar Pradesh,North
C01893,Aditi Kumar,Male,28,Mumbai,Maharashtra,West
C01894,Sneha Kumar,Female,49,Lucknow,Uttar Pradesh,North
C01895,Karan Patel,Female,63,Lucknow,Uttar Pradesh,North
C01896,Kabir Yadav,Female,63,Kolkata,West Bengal,East
C01897,Aditi Gupta,Female,58,Jaipur,Rajasthan,North
C01898,Vivaan Singh,Male,30,Guwahati,Assam,East
C01899,Rohan Roy,Male,37,Jaipur,Rajasthan,North
C01900,Sneha Nair,Male,41,Pune,Maharashtra,West
C01901,Meera Verma,Male,23,Chennai,Tamil Nadu,South
C01902,Karan Mehta,Female,32,Chennai,Tamil Nadu,South
C01903,Vivaan Joshi,Female,45,Guwahati,Assam,East
C01904,Karan Roy,Female,41,Jaipur,Rajasthan,North
C01905,Diya Gupta,Female,19,Jaipur,Rajasthan,North
C01906,Karan Singh,Female,59,Bengaluru,Karnataka,South
C01907,Priya Verma,Female,50,Mumbai,Maharashtra,West
C01908,Meera Kumar,Male,35,Lucknow,Uttar Pradesh,North
C01909,Arjun Verma,Male,41,Hyderabad,Telangana,South
C01910,Meera Singh,Female,30,Delhi,Delhi,North
C01911,Rahul Gupta,Female,30,Kolkata,West Bengal,East
C01912,Aryan Yadav,Female,18,Guwahati,Assam,East
C01913,Ananya Das,Female,43,Chennai,Tamil Nadu,South
C01914,Aarav Joshi,Male,43,Guwahati,Assam,East
C01915,Rohan Yadav,Male,48,Hyderabad,Telangana,South
C01916,Kabir Nair,Female,64,Hyderabad,Telangana,South
C01917,Diya Verma,Female,30,Jaipur,Rajasthan,North
C01918,Neha Singh,Female,46,Pune,Maharashtra,West
C01919,Aarav Das,Male,54,Lucknow,Uttar Pradesh,North
C01920,Ananya Yadav,Male,49,Bengaluru,Karnataka,South
C01921,Diya Singh,Female,45,Kolkata,West Bengal,East
C01922,Meera Gupta,Female,55,Pune,Maharashtra,West
C01923,Riya Sharma,Male,27,Delhi,Delhi,North
C01924,Riya Kumar,Female,42,Kolkata,West Bengal,East
C01925,Sneha Verma,Female,30,Hyderabad,Telangana,South
C01926,Arjun Das,Female,58,Jaipur,Rajasthan,North
C01927,Aditya Patel,Male,61,Chennai,Tamil Nadu,South
C01928,Vihaan Sharma,Female,19,Lucknow,Uttar Pradesh,North
C01929,Ishaan Verma,Female,36,Bengaluru,Karnataka,South
C01930,Rohan Gupta,Male,47,Hyderabad,Telangana,South
C01931,Priya Mehta,Male,28,Delhi,Delhi,North
C01932,Neha Roy,Male,25,Kolkata,West Bengal,East
C01933,Meera Roy,Female,65,Bengaluru,Karnataka,South
C01934,Sneha Singh,Male,31,Mumbai,Maharashtra,West
C01935,Neha Yadav,Female,28,Chennai,Tamil Nadu,South
C01936,Riya Gupta,Male,50,Guwahati,Assam,East
C01937,Rahul Singh,Male,27,Jaipur,Rajasthan,North
C01938,Aditya Roy,Male,51,Jaipur,Rajasthan,North
C01939,Riya Joshi,Female,47,Kolkata,West Bengal,East
C01940,Vivaan Yadav,Male,36,Guwahati,Assam,East
C01941,Priya Yadav,Female,43,Jaipur,Rajasthan,North
C01942,Vihaan Roy,Male,29,Guwahati,Assam,East
C01943,Neha Joshi,Female,60,Guwahati,Assam,East
C01944,Riya Verma,Female,62,Bengaluru,Karnataka,South
C01945,Rohan Patel,Female,58,Delhi,Delhi,North
C01946,Ananya Kumar,Male,62,Lucknow,Uttar Pradesh,North
C01947,Aditi Roy,Male,41,Hyderabad,Telangana,South
C01948,Arjun Mehta,Female,44,Mumbai,Maharashtra,West
C01949,Vihaan Gupta,Male,50,Jaipur,Rajasthan,North
C01950,Karan Sharma,Male,58,Delhi,Delhi,North
C01951,Sneha Das,Female,30,Jaipur,Rajasthan,North
C01952,Vivaan Sharma,Female,25,Pune,Maharashtra,West
C01953,Diya Kumar,Female,49,Bengaluru,Karnataka,South
C01954,Aditya Verma,Male,63,Jaipur,Rajasthan,North
C01955,Aryan Joshi,Female,28,Jaipur,Rajasthan,North
C01956,Aarav Nair,Male,29,Bengaluru,Karnataka,South
C01957,Arjun Mehta,Female,28,Chennai,Tamil Nadu,South
C01958,Aarav Kumar,Female,27,Mumbai,Maharashtra,West
C01959,Priya Patel,Male,63,Jaipur,Rajasthan,North
C01960,Meera Singh,Female,62,Delhi,Delhi,North
C01961,Kabir Kumar,Male,42,Delhi,Delhi,North
C01962,Karan Sharma,Male,21,Chennai,Tamil Nadu,South
C01963,Ishaan Singh,Female,33,Pune,Maharashtra,West
C01964,Aditya Sharma,Female,19,Hyderabad,Telangana,South
C01965,Diya Singh,Male,32,Delhi,Delhi,North
C01966,Vihaan Yadav,Male,20,Mumbai,Maharashtra,West
C01967,Kabir Verma,Female,38,Pune,Maharashtra,West
C01968,Ishaan Nair,Male,52,Lucknow,Uttar Pradesh,North
C01969,Neha Verma,Male,31,Pune,Maharashtra,West
C01970,Priya Das,Male,18,Mumbai,Maharashtra,West
C01971,Diya Sharma,Female,31,Pune,Maharashtra,West
C01972,Rohan Verma,Female,59,Jaipur,Rajasthan,North
C01973,Priya Sharma,Male,31,Guwahati,Assam,East
C01974,Ananya Nair,Female,24,Pune,Maharashtra,West
C01975,Riya Patel,Female,24,Lucknow,Uttar Pradesh,North
C01976,Diya Kumar,Female,61,Guwahati,Assam,East
C01977,Diya Patel,Female,60,Bengaluru,Karnataka,South
C01978,Aditya Das,Male,56,Jaipur,Rajasthan,North
C01979,Karan Roy,Male,50,Guwahati,Assam,East
C01980,Aarav Singh,Male,57,Guwahati,Assam,East
C01981,Ananya Singh,Female,33,Mumbai,Maharashtra,West
C01982,Aditya Sharma,Male,41,Guwahati,Assam,East
C01983,Ananya Singh,Male,42,Jaipur,Rajasthan,North
C01984,Vivaan Singh,Female,65,Hyderabad,Telangana,South
C01985,Aryan Gupta,Female,59,Kolkata,West Bengal,East
C01986,Kabir Roy,Female,19,Delhi,Delhi,North
C01987,Diya Das,Male,31,Hyderabad,Telangana,South
C01988,Vivaan Kumar,Male,61,Lucknow,Uttar Pradesh,North
C01989,Saanvi Roy,Female,29,Hyderabad,Telangana,South
C01990,Aarav Verma,Female,22,Jaipur,Rajasthan,North
C01991,Vivaan Kumar,Male,31,Hyderabad,Telangana,South
C01992,Aditya Patel,Male,33,Bengaluru,Karnataka,South
C01993,Aditya Roy,Female,37,Lucknow,Uttar Pradesh,North
C01994,Ishaan Singh,Female,29,Bengaluru,Karnataka,South
C01995,Rohan Gupta,Female,54,Guwahati,Assam,East
C01996,Ishaan Gupta,Female,23,Jaipur,Rajasthan,North
C01997,Sneha Roy,Male,48,Kolkata,West Bengal,East
C01998,Neha Mehta,Female,27,Jaipur,Rajasthan,North
C01999,Aarav Roy,Female,23,Jaipur,Rajasthan,North
C02000,Saanvi Mehta,Male,53,Chennai,Tamil Nadu,South
C02001,Rahul Roy,Female,37,Bengaluru,Karnataka,South
C02002,Ananya Roy,Female,22,Jaipur,Rajasthan,North
C02003,Aryan Yadav,Female,30,Kolkata,West Bengal,East
C02004,Ishaan Sharma,Male,50,Bengaluru,Karnataka,South
C02005,Aditi Roy,Female,43,Kolkata,West Bengal,East
C02006,Sneha Joshi,Female,59,Kolkata,West Bengal,East
C02007,Aditya Roy,Male,25,Guwahati,Assam,East
C02008,Riya Patel,Male,45,Pune,Maharashtra,West
C02009,Priya Mehta,Female,58,Chennai,Tamil Nadu,South
C02010,Vivaan Kumar,Female,45,Kolkata,West Bengal,East
C02011,Rohan Joshi,Male,41,Hyderabad,Telangana,South
C02012,Aryan Gupta,Female,61,Delhi,Delhi,North
C02013,Rahul Singh,Male,18,Bengaluru,Karnataka,South
C02014,Aditya Kumar,Female,43,Mumbai,Maharashtra,West
C02015,Aditya Mehta,Male,45,Guwahati,Assam,East
C02016,Neha Gupta,Female,50,Bengaluru,Karnataka,South
C02017,Sneha Nair,Female,64,Lucknow,Uttar Pradesh,North
C02018,Aditya Verma,Female,27,Pune,Maharashtra,West
C02019,Ishaan Yadav,Female,62,Chennai,Tamil Nadu,South
C02020,Aarav Patel,Female,18,Chennai,Tamil Nadu,South
C02021,Aditya Yadav,Female,51,Mumbai,Maharashtra,West
C02022,Ananya Yadav,Female,28,Pune,Maharashtra,West
C02023,Priya Patel,Male,30,Bengaluru,Karnataka,South
C02024,Vihaan Mehta,Male,46,Jaipur,Rajasthan,North
C02025,Ishaan Patel,Male,21,Guwahati,Assam,East
C02026,Ishaan Gupta,Female,46,Bengaluru,Karnataka,South
C02027,Arjun Kumar,Male,23,Guwahati,Assam,East
C02028,Aditya Roy,Male,35,Chennai,Tamil Nadu,South
C02029,Diya Sharma,Male,48,Mumbai,Maharashtra,West
C02030,Arjun Sharma,Male,35,Jaipur,Rajasthan,North
C02031,Riya Sharma,Male,31,Delhi,Delhi,North
C02032,Aarav Roy,Female,49,Lucknow,Uttar Pradesh,North
C02033,Diya Nair,Female,39,Jaipur,Rajasthan,North
C02034,Diya Das,Male,41,Kolkata,West Bengal,East
C02035,Sneha Nair,Male,40,Pune,Maharashtra,West
C02036,Arjun Sharma,Female,62,Kolkata,West Bengal,East
C02037,Aryan Sharma,Male,51,Pune,Maharashtra,West
C02038,Rohan Das,Female,57,Chennai,Tamil Nadu,South
C02039,Kabir Roy,Male,18,Jaipur,Rajasthan,North
C02040,Aarav Kumar,Female,20,Kolkata,West Bengal,East
C02041,Karan Singh,Female,43,Kolkata,West Bengal,East
C02042,Aditya Das,Female,48,Guwahati,Assam,East
C02043,Sneha Gupta,Male,63,Mumbai,Maharashtra,West
C02044,Kabir Nair,Male,26,Bengaluru,Karnataka,South
C02045,Aditya Gupta,Female,28,Jaipur,Rajasthan,North
C02046,Arjun Joshi,Male,33,Jaipur,Rajasthan,North
C02047,Vihaan Kumar,Male,24,Hyderabad,Telangana,South
C02048,Aarav Patel,Female,42,Pune,Maharashtra,West
C02049,Rohan Yadav,Female,60,Chennai,Tamil Nadu,South
C02050,Arjun Kumar,Male,52,Jaipur,Rajasthan,North
C02051,Aditya Yadav,Female,32,Jaipur,Rajasthan,North
C02052,Saanvi Verma,Female,42,Guwahati,Assam,East
C02053,Meera Roy,Male,32,Pune,Maharashtra,West
C02054,Arjun Gupta,Male,25,Chennai,Tamil Nadu,South
C02055,Diya Yadav,Male,65,Mumbai,Maharashtra,West
C02056,Riya Das,Male,38,Mumbai,Maharashtra,West
C02057,Riya Yadav,Male,37,Pune,Maharashtra,West
C02058,Riya Mehta,Male,42,Delhi,Delhi,North
C02059,Diya Das,Male,51,Pune,Maharashtra,West
C02060,Riya Singh,Male,43,Guwahati,Assam,East
C02061,Meera Joshi,Female,27,Delhi,Delhi,North
C02062,Rohan Joshi,Female,27,Chennai,Tamil Nadu,South
C02063,Ananya Patel,Male,56,Guwahati,Assam,East
C02064,Ananya Mehta,Male,35,Kolkata,West Bengal,East
C02065,Aditi Kumar,Male,49,Guwahati,Assam,East
C02066,Sneha Sharma,Female,27,Chennai,Tamil Nadu,South
C02067,Rohan Yadav,Male,29,Hyderabad,Telangana,South
C02068,Sneha Gupta,Male,19,Jaipur,Rajasthan,North
C02069,Sneha Das,Female,61,Lucknow,Uttar Pradesh,North
C02070,Priya Roy,Female,22,Jaipur,Rajasthan,North
C02071,Ananya Gupta,Male,62,Lucknow,Uttar Pradesh,North
C02072,Sneha Verma,Male,38,Lucknow,Uttar Pradesh,North
C02073,Vivaan Yadav,Female,47,Guwahati,Assam,East
C02074,Riya Patel,Female,62,Bengaluru,Karnataka,South
C02075,Ananya Patel,Male,31,Jaipur,Rajasthan,North
C02076,Aarav Das,Male,61,Hyderabad,Telangana,South
C02077,Sneha Roy,Male,21,Bengaluru,Karnataka,South
C02078,Priya Joshi,Male,21,Mumbai,Maharashtra,West
C02079,Kabir Kumar,Female,55,Mumbai,Maharashtra,West
C02080,Aryan Kumar,Female,33,Pune,Maharashtra,West
C02081,Arjun Singh,Female,49,Delhi,Delhi,North
C02082,Saanvi Patel,Female,62,Chennai,Tamil Nadu,South
C02083,Karan Kumar,Female,35,Mumbai,Maharashtra,West
C02084,Priya Sharma,Male,25,Jaipur,Rajasthan,North
C02085,Arjun Joshi,Male,19,Mumbai,Maharashtra,West
C02086,Riya Nair,Female,35,Guwahati,Assam,East
C02087,Riya Patel,Female,48,Mumbai,Maharashtra,West
C02088,Ananya Nair,Male,24,Pune,Maharashtra,West
C02089,Aditya Yadav,Male,43,Kolkata,West Bengal,East
C02090,Sneha Mehta,Female,22,Delhi,Delhi,North
C02091,Riya Mehta,Male,31,Lucknow,Uttar Pradesh,North
C02092,Vihaan Nair,Male,18,Mumbai,Maharashtra,West
C02093,Karan Das,Male,20,Lucknow,Uttar Pradesh,North
C02094,Riya Singh,Male,23,Bengaluru,Karnataka,South
C02095,Rahul Sharma,Male,25,Lucknow,Uttar Pradesh,North
C02096,Ananya Das,Male,45,Lucknow,Uttar Pradesh,North
C02097,Rohan Gupta,Male,51,Delhi,Delhi,North
C02098,Meera Joshi,Male,54,Chennai,Tamil Nadu,South
C02099,Diya Mehta,Female,56,Jaipur,Rajasthan,North
C02100,Kabir Singh,Male,60,Lucknow,Uttar Pradesh,North
C02101,Rohan Sharma,Male,27,Delhi,Delhi,North
C02102,Ishaan Patel,Male,55,Chennai,Tamil Nadu,South
C02103,Rahul Patel,Female,22,Kolkata,West Bengal,East
C02104,Rahul Gupta,Female,59,Lucknow,Uttar Pradesh,North
C02105,Sneha Joshi,Male,34,Bengaluru,Karnataka,South
C02106,Aryan Mehta,Male,22,Pune,Maharashtra,West
C02107,Ishaan Yadav,Female,54,Chennai,Tamil Nadu,South
C02108,Saanvi Patel,Female,27,Lucknow,Uttar Pradesh,North
C02109,Neha Roy,Male,56,Kolkata,West Bengal,East
C02110,Aditya Gupta,Male,52,Hyderabad,Telangana,South
C02111,Meera Roy,Male,39,Mumbai,Maharashtra,West
C02112,Priya Das,Female,27,Mumbai,Maharashtra,West
C02113,Rahul Sharma,Male,42,Hyderabad,Telangana,South
C02114,Sneha Verma,Male,29,Hyderabad,Telangana,South
C02115,Ananya Nair,Female,24,Lucknow,Uttar Pradesh,North
C02116,Priya Yadav,Female,53,Lucknow,Uttar Pradesh,North
C02117,Saanvi Verma,Male,28,Chennai,Tamil Nadu,South
C02118,Sneha Patel,Female,65,Kolkata,West Bengal,East
C02119,Meera Nair,Female,48,Lucknow,Uttar Pradesh,North
C02120,Aryan Gupta,Male,61,Guwahati,Assam,East
C02121,Aryan Kumar,Male,27,Lucknow,Uttar Pradesh,North
C02122,Riya Yadav,Female,21,Pune,Maharashtra,West
C02123,Rohan Kumar,Female,63,Kolkata,West Bengal,East
C02124,Vihaan Joshi,Female,47,Jaipur,Rajasthan,North
C02125,Ananya Gupta,Female,51,Lucknow,Uttar Pradesh,North
C02126,Ananya Kumar,Male,37,Hyderabad,Telangana,South
C02127,Diya Verma,Male,22,Pune,Maharashtra,West
C02128,Aditya Patel,Male,23,Hyderabad,Telangana,South
C02129,Meera Joshi,Male,45,Chennai,Tamil Nadu,South
C02130,Aryan Joshi,Female,50,Lucknow,Uttar Pradesh,North
C02131,Arjun Roy,Male,57,Lucknow,Uttar Pradesh,North
C02132,Aarav Yadav,Female,62,Hyderabad,Telangana,South
C02133,Priya Singh,Male,56,Lucknow,Uttar Pradesh,North
C02134,Vihaan Kumar,Male,29,Jaipur,Rajasthan,North
C02135,Priya Patel,Female,21,Mumbai,Maharashtra,West
C02136,Aditi Roy,Male,41,Pune,Maharashtra,West
C02137,Diya Kumar,Male,52,Mumbai,Maharashtra,West
C02138,Ananya Gupta,Female,36,Mumbai,Maharashtra,West
C02139,Ishaan Sharma,Female,31,Chennai,Tamil Nadu,South
C02140,Kabir Sharma,Female,57,Chennai,Tamil Nadu,South
C02141,Vivaan Das,Male,57,Jaipur,Rajasthan,North
C02142,Diya Gupta,Female,24,Jaipur,Rajasthan,North
C02143,Priya Yadav,Male,43,Delhi,Delhi,North
C02144,Aarav Verma,Female,49,Kolkata,West Bengal,East
C02145,Aditya Mehta,Male,44,Hyderabad,Telangana,South
C02146,Aditi Sharma,Male,60,Mumbai,Maharashtra,West
C02147,Rohan Joshi,Female,41,Chennai,Tamil Nadu,South
C02148,Priya Roy,Male,52,Chennai,Tamil Nadu,South
C02149,Arjun Joshi,Female,28,Chennai,Tamil Nadu,South
C02150,Priya Yadav,Female,18,Bengaluru,Karnataka,South
C02151,Ishaan Verma,Male,36,Kolkata,West Bengal,East
C02152,Aryan Roy,Female,65,Delhi,Delhi,North
C02153,Vivaan Patel,Male,48,Kolkata,West Bengal,East
C02154,Arjun Roy,Female,53,Chennai,Tamil Nadu,South
C02155,Aryan Das,Female,50,Jaipur,Rajasthan,North
C02156,Aryan Verma,Male,19,Pune,Maharashtra,West
C02157,Aryan Das,Male,61,Bengaluru,Karnataka,South
C02158,Vivaan Kumar,Female,45,Hyderabad,Telangana,South
C02159,Aarav Roy,Female,36,Guwahati,Assam,East
C02160,Aditi Verma,Female,33,Chennai,Tamil Nadu,South
C02161,Aryan Yadav,Male,33,Guwahati,Assam,East
C02162,Arjun Gupta,Male,60,Chennai,Tamil Nadu,South
C02163,Ishaan Joshi,Male,62,Pune,Maharashtra,West
C02164,Saanvi Patel,Male,55,Lucknow,Uttar Pradesh,North
C02165,Rohan Verma,Male,43,Bengaluru,Karnataka,South
C02166,Rahul Singh,Male,45,Delhi,Delhi,North
C02167,Saanvi Singh,Male,21,Delhi,Delhi,North
C02168,Neha Mehta,Female,62,Pune,Maharashtra,West
C02169,Rohan Das,Female,48,Hyderabad,Telangana,South
C02170,Kabir Roy,Male,37,Delhi,Delhi,North
C02171,Rahul Das,Female,40,Mumbai,Maharashtra,West
C02172,Rohan Das,Male,29,Pune,Maharashtra,West
C02173,Aarav Sharma,Female,31,Delhi,Delhi,North
C02174,Aditi Gupta,Male,45,Chennai,Tamil Nadu,South
C02175,Rahul Joshi,Female,39,Bengaluru,Karnataka,South
C02176,Arjun Verma,Male,61,Chennai,Tamil Nadu,South
C02177,Aryan Das,Female,65,Lucknow,Uttar Pradesh,North
C02178,Riya Mehta,Female,33,Kolkata,West Bengal,East
C02179,Ishaan Nair,Female,23,Chennai,Tamil Nadu,South
C02180,Aryan Kumar,Male,20,Mumbai,Maharashtra,West
C02181,Ishaan Singh,Female,24,Guwahati,Assam,East
C02182,Meera Nair,Female,37,Mumbai,Maharashtra,West
C02183,Ishaan Mehta,Male,20,Jaipur,Rajasthan,North
C02184,Ishaan Roy,Female,53,Bengaluru,Karnataka,South
C02185,Priya Joshi,Male,45,Kolkata,West Bengal,East
C02186,Aditi Roy,Male,28,Mumbai,Maharashtra,West
C02187,Rahul Yadav,Male,36,Guwahati,Assam,East
C02188,Riya Sharma,Male,65,Delhi,Delhi,North
C02189,Aditi Kumar,Male,28,Pune,Maharashtra,West
C02190,Kabir Roy,Female,43,Jaipur,Rajasthan,North
C02191,Rahul Singh,Male,18,Guwahati,Assam,East
C02192,Riya Singh,Male,50,Bengaluru,Karnataka,South
C02193,Kabir Yadav,Female,37,Jaipur,Rajasthan,North
C02194,Ananya Yadav,Female,53,Hyderabad,Telangana,South
C02195,Vihaan Singh,Male,52,Mumbai,Maharashtra,West
C02196,Ananya Sharma,Male,35,Hyderabad,Telangana,South
C02197,Rahul Sharma,Male,31,Bengaluru,Karnataka,South
C02198,Arjun Sharma,Female,58,Lucknow,Uttar Pradesh,North
C02199,Priya Das,Male,63,Guwahati,Assam,East
C02200,Rahul Yadav,Male,44,Lucknow,Uttar Pradesh,North
C02201,Ananya Das,Male,58,Guwahati,Assam,East
C02202,Priya Singh,Female,29,Delhi,Delhi,North
C02203,Aarav Mehta,Male,64,Chennai,Tamil Nadu,South
C02204,Rahul Kumar,Male,46,Pune,Maharashtra,West
C02205,Diya Gupta,Male,55,Hyderabad,Telangana,South
C02206,Aryan Joshi,Male,64,Pune,Maharashtra,West
C02207,Priya Patel,Female,23,Pune,Maharashtra,West
C02208,Vihaan Joshi,Male,29,Jaipur,Rajasthan,North
C02209,Riya Joshi,Male,59,Hyderabad,Telangana,South
C02210,Aarav Gupta,Male,29,Chennai,Tamil Nadu,South
C02211,Saanvi Singh,Male,27,Pune,Maharashtra,West
C02212,Neha Singh,Female,59,Mumbai,Maharashtra,West
C02213,Arjun Yadav,Male,64,Pune,Maharashtra,West
C02214,Saanvi Verma,Female,42,Delhi,Delhi,North
C02215,Arjun Sharma,Male,26,Delhi,Delhi,North
C02216,Aditya Gupta,Male,58,Hyderabad,Telangana,South
C02217,Aarav Sharma,Male,52,Guwahati,Assam,East
C02218,Aditya Singh,Male,48,Kolkata,West Bengal,East
C02219,Karan Patel,Female,39,Guwahati,Assam,East
C02220,Aryan Singh,Male,52,Jaipur,Rajasthan,North
C02221,Meera Verma,Male,20,Chennai,Tamil Nadu,South
C02222,Meera Gupta,Male,50,Mumbai,Maharashtra,West
C02223,Aryan Sharma,Male,19,Pune,Maharashtra,West
C02224,Neha Roy,Male,40,Hyderabad,Telangana,South
C02225,Rohan Kumar,Female,61,Chennai,Tamil Nadu,South
C02226,Aditi Patel,Male,32,Mumbai,Maharashtra,West
C02227,Ananya Das,Male,57,Mumbai,Maharashtra,West
C02228,Arjun Das,Male,20,Kolkata,West Bengal,East
C02229,Aryan Patel,Female,51,Guwahati,Assam,East
C02230,Saanvi Patel,Female,27,Kolkata,West Bengal,East
C02231,Saanvi Gupta,Female,24,Chennai,Tamil Nadu,South
C02232,Aditi Kumar,Female,34,Chennai,Tamil Nadu,South
C02233,Aarav Patel,Male,38,Mumbai,Maharashtra,West
C02234,Sneha Joshi,Female,22,Bengaluru,Karnataka,South
C02235,Riya Roy,Female,27,Mumbai,Maharashtra,West
C02236,Diya Patel,Male,42,Mumbai,Maharashtra,West
C02237,Diya Joshi,Female,48,Kolkata,West Bengal,East
C02238,Saanvi Kumar,Female,26,Pune,Maharashtra,West
C02239,Sneha Roy,Female,52,Hyderabad,Telangana,South
C02240,Aditi Mehta,Male,42,Lucknow,Uttar Pradesh,North
C02241,Riya Yadav,Female,51,Mumbai,Maharashtra,West
C02242,Rohan Yadav,Male,33,Guwahati,Assam,East
C02243,Aarav Singh,Male,41,Kolkata,West Bengal,East
C02244,Aditi Patel,Male,21,Lucknow,Uttar Pradesh,North
C02245,Priya Patel,Female,47,Kolkata,West Bengal,East
C02246,Meera Roy,Male,31,Bengaluru,Karnataka,South
C02247,Vivaan Yadav,Male,25,Hyderabad,Telangana,South
C02248,Sneha Yadav,Male,62,Bengaluru,Karnataka,South
C02249,Priya Sharma,Male,60,Pune,Maharashtra,West
C02250,Aditya Joshi,Male,19,Guwahati,Assam,East
C02251,Priya Patel,Male,33,Bengaluru,Karnataka,South
C02252,Aarav Nair,Female,27,Mumbai,Maharashtra,West
C02253,Aditi Yadav,Male,65,Bengaluru,Karnataka,South
C02254,Ananya Joshi,Female,64,Lucknow,Uttar Pradesh,North
C02255,Karan Kumar,Male,36,Kolkata,West Bengal,East
C02256,Aryan Sharma,Male,56,Mumbai,Maharashtra,West
C02257,Kabir Patel,Male,43,Bengaluru,Karnataka,South
C02258,Karan Mehta,Female,54,Pune,Maharashtra,West
C02259,Ananya Yadav,Male,45,Lucknow,Uttar Pradesh,North
C02260,Rahul Verma,Female,26,Bengaluru,Karnataka,South
C02261,Sneha Nair,Male,32,Hyderabad,Telangana,South
C02262,Vihaan Yadav,Male,62,Pune,Maharashtra,West
C02263,Aditi Das,Female,42,Jaipur,Rajasthan,North
C02264,Vivaan Das,Female,30,Bengaluru,Karnataka,South
C02265,Arjun Verma,Male,41,Chennai,Tamil Nadu,South
C02266,Diya Sharma,Male,36,Guwahati,Assam,East
C02267,Meera Verma,Male,31,Bengaluru,Karnataka,South
C02268,Aarav Gupta,Male,53,Guwahati,Assam,East
C02269,Vivaan Singh,Female,23,Hyderabad,Telangana,South
C02270,Riya Sharma,Female,20,Guwahati,Assam,East
C02271,Diya Verma,Female,18,Delhi,Delhi,North
C02272,Ananya Roy,Male,38,Kolkata,West Bengal,East
C02273,Priya Patel,Male,39,Pune,Maharashtra,West
C02274,Kabir Verma,Male,19,Pune,Maharashtra,West
C02275,Sneha Joshi,Male,36,Guwahati,Assam,East
C02276,Aryan Kumar,Female,23,Bengaluru,Karnataka,South
C02277,Rohan Singh,Male,63,Mumbai,Maharashtra,West
C02278,Kabir Mehta,Female,46,Bengaluru,Karnataka,South
C02279,Diya Gupta,Female,57,Bengaluru,Karnataka,South
C02280,Vivaan Yadav,Female,33,Pune,Maharashtra,West
C02281,Saanvi Nair,Male,27,Hyderabad,Telangana,South
C02282,Aditi Verma,Male,27,Guwahati,Assam,East
C02283,Meera Verma,Female,24,Chennai,Tamil Nadu,South
C02284,Diya Patel,Female,28,Jaipur,Rajasthan,North
C02285,Rahul Nair,Female,40,Mumbai,Maharashtra,West
C02286,Aditya Patel,Female,34,Mumbai,Maharashtra,West
C02287,Rahul Joshi,Male,25,Jaipur,Rajasthan,North
C02288,Aditi Sharma,Female,36,Guwahati,Assam,East
C02289,Neha Nair,Male,46,Pune,Maharashtra,West
C02290,Kabir Nair,Female,41,Kolkata,West Bengal,East
C02291,Neha Mehta,Female,34,Mumbai,Maharashtra,West
C02292,Saanvi Kumar,Male,65,Delhi,Delhi,North
C02293,Meera Sharma,Male,24,Hyderabad,Telangana,South
C02294,Sneha Patel,Female,22,Chennai,Tamil Nadu,South
C02295,Sneha Joshi,Male,40,Hyderabad,Telangana,South
C02296,Karan Kumar,Female,24,Jaipur,Rajasthan,North
C02297,Vihaan Yadav,Male,43,Mumbai,Maharashtra,West
C02298,Ishaan Roy,Female,22,Pune,Maharashtra,West
C02299,Diya Nair,Female,31,Kolkata,West Bengal,East
C02300,Arjun Gupta,Female,20,Jaipur,Rajasthan,North
C02301,Aryan Joshi,Male,58,Lucknow,Uttar Pradesh,North
C02302,Diya Nair,Male,56,Hyderabad,Telangana,South
C02303,Vivaan Das,Female,48,Pune,Maharashtra,West
C02304,Vivaan Singh,Male,61,Hyderabad,Telangana,South
C02305,Rahul Gupta,Male,23,Pune,Maharashtra,West
C02306,Aditya Gupta,Female,23,Bengaluru,Karnataka,South
C02307,Karan Roy,Male,60,Chennai,Tamil Nadu,South
C02308,Vihaan Sharma,Male,45,Chennai,Tamil Nadu,South
C02309,Ananya Patel,Male,40,Kolkata,West Bengal,East
C02310,Aditi Joshi,Male,62,Pune,Maharashtra,West
C02311,Priya Yadav,Female,18,Pune,Maharashtra,West
C02312,Saanvi Singh,Male,64,Lucknow,Uttar Pradesh,North
C02313,Saanvi Patel,Female,60,Guwahati,Assam,East
C02314,Aarav Patel,Female,27,Kolkata,West Bengal,East
C02315,Diya Verma,Female,34,Jaipur,Rajasthan,North
C02316,Aarav Joshi,Male,58,Lucknow,Uttar Pradesh,North
C02317,Riya Verma,Male,31,Jaipur,Rajasthan,North
C02318,Neha Yadav,Male,56,Hyderabad,Telangana,South
C02319,Ishaan Das,Male,30,Pune,Maharashtra,West
C02320,Aarav Das,Female,19,Guwahati,Assam,East
C02321,Ananya Mehta,Male,62,Chennai,Tamil Nadu,South
C02322,Karan Roy,Female,40,Jaipur,Rajasthan,North
C02323,Meera Roy,Female,25,Kolkata,West Bengal,East
C02324,Karan Roy,Female,29,Bengaluru,Karnataka,South
C02325,Saanvi Patel,Female,42,Lucknow,Uttar Pradesh,North
C02326,Neha Kumar,Female,62,Chennai,Tamil Nadu,South
C02327,Arjun Verma,Male,23,Guwahati,Assam,East
C02328,Saanvi Roy,Male,49,Delhi,Delhi,North
C02329,Meera Verma,Female,50,Guwahati,Assam,East
C02330,Vivaan Kumar,Female,44,Guwahati,Assam,East
C02331,Rohan Joshi,Female,25,Hyderabad,Telangana,South
C02332,Aditi Verma,Female,47,Hyderabad,Telangana,South
C02333,Sneha Sharma,Female,32,Pune,Maharashtra,West
C02334,Ananya Gupta,Female,37,Lucknow,Uttar Pradesh,North
C02335,Rohan Sharma,Female,20,Pune,Maharashtra,West
C02336,Aarav Patel,Female,51,Delhi,Delhi,North
C02337,Diya Das,Male,54,Guwahati,Assam,East
C02338,Rohan Mehta,Female,30,Pune,Maharashtra,West
C02339,Sneha Sharma,Female,26,Guwahati,Assam,East
C02340,Vihaan Roy,Female,51,Pune,Maharashtra,West
C02341,Neha Singh,Male,63,Bengaluru,Karnataka,South
C02342,Kabir Verma,Female,58,Bengaluru,Karnataka,South
C02343,Meera Patel,Female,31,Chennai,Tamil Nadu,South
C02344,Aditya Sharma,Female,18,Mumbai,Maharashtra,West
C02345,Aryan Sharma,Male,54,Guwahati,Assam,East
C02346,Aarav Yadav,Male,47,Pune,Maharashtra,West
C02347,Vihaan Singh,Male,37,Kolkata,West Bengal,East
C02348,Meera Singh,Female,34,Hyderabad,Telangana,South
C02349,Rahul Verma,Male,58,Delhi,Delhi,North
C02350,Riya Verma,Male,47,Delhi,Delhi,North
C02351,Arjun Verma,Male,36,Guwahati,Assam,East
C02352,Vihaan Verma,Male,49,Chennai,Tamil Nadu,South
C02353,Ishaan Roy,Male,49,Kolkata,West Bengal,East
C02354,Neha Verma,Female,58,Delhi,Delhi,North
C02355,Ishaan Kumar,Female,42,Mumbai,Maharashtra,West
C02356,Karan Patel,Male,37,Kolkata,West Bengal,East
C02357,Vihaan Kumar,Male,25,Delhi,Delhi,North
C02358,Priya Joshi,Male,28,Kolkata,West Bengal,East
C02359,Rahul Verma,Male,56,Lucknow,Uttar Pradesh,North
C02360,Meera Sharma,Male,31,Delhi,Delhi,North
C02361,Arjun Singh,Male,38,Kolkata,West Bengal,East
C02362,Rohan Verma,Male,35,Bengaluru,Karnataka,South
C02363,Aditi Singh,Male,40,Chennai,Tamil Nadu,South
C02364,Ananya Joshi,Female,45,Lucknow,Uttar Pradesh,North
C02365,Sneha Singh,Female,29,Lucknow,Uttar Pradesh,North
C02366,Rahul Roy,Male,55,Hyderabad,Telangana,South
C02367,Ananya Patel,Male,64,Guwahati,Assam,East
C02368,Neha Joshi,Female,56,Jaipur,Rajasthan,North
C02369,Diya Nair,Male,56,Chennai,Tamil Nadu,South
C02370,Neha Singh,Female,41,Pune,Maharashtra,West
C02371,Karan Patel,Male,50,Mumbai,Maharashtra,West
C02372,Riya Roy,Female,56,Chennai,Tamil Nadu,South
C02373,Priya Roy,Male,25,Lucknow,Uttar Pradesh,North
C02374,Diya Roy,Male,40,Bengaluru,Karnataka,South
C02375,Aditya Singh,Female,41,Hyderabad,Telangana,South
C02376,Diya Verma,Male,38,Bengaluru,Karnataka,South
C02377,Diya Singh,Female,54,Delhi,Delhi,North
C02378,Rohan Mehta,Male,42,Kolkata,West Bengal,East
C02379,Saanvi Singh,Male,24,Chennai,Tamil Nadu,South
C02380,Rahul Yadav,Male,54,Lucknow,Uttar Pradesh,North
C02381,Neha Das,Female,30,Pune,Maharashtra,West
C02382,Vivaan Joshi,Female,20,Hyderabad,Telangana,South
C02383,Neha Verma,Male,46,Chennai,Tamil Nadu,South
C02384,Saanvi Das,Female,33,Bengaluru,Karnataka,South
C02385,Aarav Gupta,Male,59,Guwahati,Assam,East
C02386,Aarav Joshi,Female,26,Guwahati,Assam,East
C02387,Vivaan Mehta,Male,39,Pune,Maharashtra,West
C02388,Aditya Joshi,Male,44,Delhi,Delhi,North
C02389,Rahul Das,Female,43,Chennai,Tamil Nadu,South
C02390,Meera Das,Female,57,Mumbai,Maharashtra,West
C02391,Sneha Gupta,Female,49,Delhi,Delhi,North
C02392,Priya Nair,Male,19,Mumbai,Maharashtra,West
C02393,Vivaan Sharma,Male,24,Hyderabad,Telangana,South
C02394,Neha Singh,Male,23,Kolkata,West Bengal,East
C02395,Priya Mehta,Male,62,Hyderabad,Telangana,South
C02396,Rahul Sharma,Male,21,Delhi,Delhi,North
C02397,Aditya Gupta,Female,62,Chennai,Tamil Nadu,South
C02398,Sneha Gupta,Male,26,Guwahati,Assam,East
C02399,Karan Verma,Male,38,Guwahati,Assam,East
C02400,Riya Roy,Female,60,Bengaluru,Karnataka,South
C02401,Kabir Mehta,Male,54,Mumbai,Maharashtra,West
C02402,Aditi Gupta,Female,64,Jaipur,Rajasthan,North
C02403,Rohan Verma,Female,36,Jaipur,Rajasthan,North
C02404,Priya Mehta,Male,60,Mumbai,Maharashtra,West
C02405,Aditya Verma,Female,21,Hyderabad,Telangana,South
C02406,Aarav Kumar,Male,47,Hyderabad,Telangana,South
C02407,Ishaan Joshi,Male,39,Pune,Maharashtra,West
C02408,Riya Mehta,Female,37,Hyderabad,Telangana,South
C02409,Aryan Mehta,Male,26,Jaipur,Rajasthan,North
C02410,Priya Roy,Female,57,Hyderabad,Telangana,South
C02411,Ishaan Roy,Male,22,Lucknow,Uttar Pradesh,North
C02412,Neha Patel,Female,54,Chennai,Tamil Nadu,South
C02413,Aryan Joshi,Male,65,Mumbai,Maharashtra,West
C02414,Rohan Sharma,Female,29,Mumbai,Maharashtra,West
C02415,Aarav Joshi,Female,40,Chennai,Tamil Nadu,South
C02416,Arjun Mehta,Male,40,Chennai,Tamil Nadu,South
C02417,Ishaan Patel,Female,50,Pune,Maharashtra,West
C02418,Kabir Das,Male,46,Pune,Maharashtra,West
C02419,Priya Verma,Male,59,Chennai,Tamil Nadu,South
C02420,Neha Singh,Female,30,Pune,Maharashtra,West
C02421,Vihaan Nair,Female,51,Pune,Maharashtra,West
C02422,Aditi Mehta,Female,24,Guwahati,Assam,East
C02423,Rohan Verma,Male,25,Delhi,Delhi,North
C02424,Vivaan Nair,Female,33,Delhi,Delhi,North
C02425,Meera Verma,Female,32,Mumbai,Maharashtra,West
C02426,Sneha Roy,Female,24,Guwahati,Assam,East
C02427,Rahul Joshi,Male,28,Hyderabad,Telangana,South
C02428,Priya Kumar,Female,63,Hyderabad,Telangana,South
C02429,Ananya Yadav,Male,24,Guwahati,Assam,East
C02430,Kabir Yadav,Female,65,Bengaluru,Karnataka,South
C02431,Rohan Patel,Female,61,Chennai,Tamil Nadu,South
C02432,Vihaan Patel,Female,47,Mumbai,Maharashtra,West
C02433,Aarav Kumar,Female,45,Bengaluru,Karnataka,South
C02434,Aarav Patel,Female,22,Kolkata,West Bengal,East
C02435,Aarav Nair,Female,48,Bengaluru,Karnataka,South
C02436,Aarav Joshi,Male,48,Guwahati,Assam,East
C02437,Vivaan Sharma,Female,32,Mumbai,Maharashtra,West
C02438,Kabir Patel,Male,24,Lucknow,Uttar Pradesh,North
C02439,Ananya Yadav,Female,46,Mumbai,Maharashtra,West
C02440,Priya Mehta,Female,60,Jaipur,Rajasthan,North
C02441,Rahul Das,Female,18,Jaipur,Rajasthan,North
C02442,Ananya Yadav,Female,51,Kolkata,West Bengal,East
C02443,Aditi Verma,Female,61,Guwahati,Assam,East
C02444,Aarav Patel,Female,32,Lucknow,Uttar Pradesh,North
C02445,Priya Joshi,Male,33,Bengaluru,Karnataka,South
C02446,Neha Das,Male,65,Guwahati,Assam,East
C02447,Ishaan Roy,Male,35,Mumbai,Maharashtra,West
C02448,Karan Mehta,Male,34,Lucknow,Uttar Pradesh,North
C02449,Diya Roy,Female,35,Kolkata,West Bengal,East
C02450,Ishaan Sharma,Female,57,Chennai,Tamil Nadu,South
C02451,Neha Joshi,Female,36,Mumbai,Maharashtra,West
C02452,Aarav Joshi,Male,47,Mumbai,Maharashtra,West
C02453,Kabir Gupta,Male,37,Bengaluru,Karnataka,South
C02454,Ananya Verma,Female,18,Jaipur,Rajasthan,North
C02455,Vivaan Singh,Female,55,Jaipur,Rajasthan,North
C02456,Vivaan Joshi,Female,18,Mumbai,Maharashtra,West
C02457,Priya Kumar,Male,21,Pune,Maharashtra,West
C02458,Aryan Das,Female,50,Chennai,Tamil Nadu,South
C02459,Aryan Verma,Female,27,Lucknow,Uttar Pradesh,North
C02460,Neha Nair,Male,36,Hyderabad,Telangana,South
C02461,Vivaan Joshi,Female,33,Hyderabad,Telangana,South
C02462,Neha Roy,Male,34,Pune,Maharashtra,West
C02463,Saanvi Gupta,Male,54,Chennai,Tamil Nadu,South
C02464,Diya Nair,Male,61,Pune,Maharashtra,West
C02465,Rahul Patel,Female,53,Hyderabad,Telangana,South
C02466,Ananya Gupta,Male,37,Hyderabad,Telangana,South
C02467,Karan Mehta,Male,42,Guwahati,Assam,East
C02468,Arjun Patel,Female,62,Pune,Maharashtra,West
C02469,Kabir Kumar,Female,47,Kolkata,West Bengal,East
C02470,Neha Joshi,Female,44,Kolkata,West Bengal,East
C02471,Aarav Mehta,Male,44,Jaipur,Rajasthan,North
C02472,Aryan Nair,Female,33,Mumbai,Maharashtra,West
C02473,Kabir Das,Male,57,Guwahati,Assam,East
C02474,Riya Gupta,Male,43,Lucknow,Uttar Pradesh,North
C02475,Sneha Kumar,Male,47,Bengaluru,Karnataka,South
C02476,Karan Sharma,Male,21,Lucknow,Uttar Pradesh,North
C02477,Arjun Das,Male,36,Chennai,Tamil Nadu,South
C02478,Aditi Yadav,Female,21,Guwahati,Assam,East
C02479,Riya Kumar,Male,62,Mumbai,Maharashtra,West
C02480,Kabir Patel,Female,26,Hyderabad,Telangana,South
C02481,Aryan Gupta,Female,64,Hyderabad,Telangana,South
C02482,Aditi Nair,Male,25,Delhi,Delhi,North
C02483,Aarav Patel,Male,51,Mumbai,Maharashtra,West
C02484,Rohan Singh,Male,48,Mumbai,Maharashtra,West
C02485,Kabir Joshi,Female,21,Delhi,Delhi,North
C02486,Ananya Roy,Female,29,Mumbai,Maharashtra,West
C02487,Meera Gupta,Female,60,Hyderabad,Telangana,South
C02488,Arjun Roy,Male,58,Guwahati,Assam,East
C02489,Vihaan Patel,Male,28,Delhi,Delhi,North
C02490,Meera Singh,Female,48,Lucknow,Uttar Pradesh,North
C02491,Ananya Kumar,Male,55,Chennai,Tamil Nadu,South
C02492,Priya Kumar,Female,43,Jaipur,Rajasthan,North
C02493,Arjun Joshi,Female,45,Pune,Maharashtra,West
C02494,Aarav Gupta,Female,25,Bengaluru,Karnataka,South
C02495,Sneha Sharma,Female,20,Guwahati,Assam,East
C02496,Karan Sharma,Female,26,Guwahati,Assam,East
C02497,Karan Gupta,Male,28,Jaipur,Rajasthan,North
C02498,Kabir Mehta,Male,40,Kolkata,West Bengal,East
C02499,Sneha Mehta,Male,29,Lucknow,Uttar Pradesh,North
C02500,Priya Kumar,Female,47,Bengaluru,Karnataka,South
C02501,Rahul Kumar,Female,43,Bengaluru,Karnataka,South
C02502,Aditi Roy,Female,56,Mumbai,Maharashtra,West
C02503,Riya Yadav,Female,26,Bengaluru,Karnataka,South
C02504,Riya Nair,Female,55,Kolkata,West Bengal,East
C02505,Sneha Verma,Male,19,Guwahati,Assam,East
C02506,Rohan Verma,Male,49,Bengaluru,Karnataka,South
C02507,Diya Singh,Male,24,Jaipur,Rajasthan,North
C02508,Sneha Roy,Male,21,Bengaluru,Karnataka,South
C02509,Rahul Verma,Male,65,Guwahati,Assam,East
C02510,Karan Das,Male,29,Mumbai,Maharashtra,West
C02511,Arjun Yadav,Female,42,Kolkata,West Bengal,East
C02512,Riya Mehta,Male,30,Bengaluru,Karnataka,South
C02513,Aditi Joshi,Female,32,Chennai,Tamil Nadu,South
C02514,Vihaan Roy,Male,23,Hyderabad,Telangana,South
C02515,Aarav Kumar,Male,31,Guwahati,Assam,East
C02516,Aryan Sharma,Female,44,Delhi,Delhi,North
C02517,Meera Verma,Female,29,Guwahati,Assam,East
C02518,Aditi Singh,Male,54,Lucknow,Uttar Pradesh,North
C02519,Kabir Das,Female,57,Jaipur,Rajasthan,North
C02520,Aryan Verma,Female,45,Lucknow,Uttar Pradesh,North
C02521,Aditya Nair,Male,26,Pune,Maharashtra,West
C02522,Ananya Verma,Male,49,Lucknow,Uttar Pradesh,North
C02523,Vivaan Nair,Female,19,Hyderabad,Telangana,South
C02524,Ananya Gupta,Female,63,Hyderabad,Telangana,South
C02525,Aditya Patel,Female,22,Kolkata,West Bengal,East
C02526,Riya Singh,Female,43,Lucknow,Uttar Pradesh,North
C02527,Vivaan Mehta,Male,55,Guwahati,Assam,East
C02528,Rahul Kumar,Male,20,Jaipur,Rajasthan,North
C02529,Neha Gupta,Male,39,Kolkata,West Bengal,East
C02530,Aryan Singh,Female,60,Delhi,Delhi,North
C02531,Rohan Joshi,Male,54,Delhi,Delhi,North
C02532,Vivaan Das,Male,44,Guwahati,Assam,East
C02533,Saanvi Verma,Female,26,Guwahati,Assam,East
C02534,Vivaan Verma,Male,49,Chennai,Tamil Nadu,South
C02535,Rohan Kumar,Female,45,Lucknow,Uttar Pradesh,North
C02536,Ananya Singh,Male,21,Jaipur,Rajasthan,North
C02537,Ishaan Mehta,Female,61,Delhi,Delhi,North
C02538,Meera Joshi,Male,42,Delhi,Delhi,North
C02539,Aryan Roy,Female,53,Pune,Maharashtra,West
C02540,Arjun Joshi,Male,57,Bengaluru,Karnataka,South
C02541,Priya Singh,Female,45,Kolkata,West Bengal,East
C02542,Rohan Singh,Male,55,Delhi,Delhi,North
C02543,Rohan Roy,Male,18,Delhi,Delhi,North
C02544,Vivaan Verma,Male,26,Hyderabad,Telangana,South
C02545,Vihaan Gupta,Male,38,Jaipur,Rajasthan,North
C02546,Saanvi Kumar,Male,36,Kolkata,West Bengal,East
C02547,Saanvi Roy,Female,60,Bengaluru,Karnataka,South
C02548,Aditya Verma,Female,52,Mumbai,Maharashtra,West
C02549,Aditi Yadav,Female,32,Hyderabad,Telangana,South
C02550,Ananya Das,Female,59,Jaipur,Rajasthan,North
C02551,Kabir Gupta,Female,62,Hyderabad,Telangana,South
C02552,Kabir Verma,Male,40,Lucknow,Uttar Pradesh,North
C02553,Saanvi Joshi,Female,23,Pune,Maharashtra,West
C02554,Aryan Mehta,Male,37,Hyderabad,Telangana,South
C02555,Ishaan Verma,Female,64,Lucknow,Uttar Pradesh,North
C02556,Vivaan Singh,Female,59,Bengaluru,Karnataka,South
C02557,Arjun Sharma,Female,20,Jaipur,Rajasthan,North
C02558,Rahul Nair,Female,37,Chennai,Tamil Nadu,South
C02559,Vivaan Gupta,Female,49,Mumbai,Maharashtra,West
C02560,Sneha Roy,Female,20,Delhi,Delhi,North
C02561,Ishaan Roy,Male,60,Hyderabad,Telangana,South
C02562,Meera Sharma,Female,20,Pune,Maharashtra,West
C02563,Priya Sharma,Female,34,Lucknow,Uttar Pradesh,North
C02564,Ishaan Sharma,Female,64,Guwahati,Assam,East
C02565,Neha Roy,Male,24,Guwahati,Assam,East
C02566,Sneha Yadav,Female,52,Lucknow,Uttar Pradesh,North
C02567,Neha Nair,Female,28,Jaipur,Rajasthan,North
C02568,Karan Yadav,Male,26,Pune,Maharashtra,West
C02569,Rahul Kumar,Female,23,Delhi,Delhi,North
C02570,Meera Gupta,Female,54,Hyderabad,Telangana,South
C02571,Vivaan Nair,Female,41,Pune,Maharashtra,West
C02572,Rahul Kumar,Male,25,Chennai,Tamil Nadu,South
C02573,Riya Kumar,Female,34,Chennai,Tamil Nadu,South
C02574,Karan Joshi,Male,46,Bengaluru,Karnataka,South
C02575,Karan Sharma,Female,48,Delhi,Delhi,North
C02576,Ishaan Roy,Male,55,Lucknow,Uttar Pradesh,North
C02577,Rahul Nair,Female,22,Mumbai,Maharashtra,West
C02578,Vihaan Gupta,Female,34,Jaipur,Rajasthan,North
C02579,Aryan Singh,Male,27,Jaipur,Rajasthan,North
C02580,Vivaan Singh,Male,59,Guwahati,Assam,East
C02581,Vihaan Kumar,Female,55,Delhi,Delhi,North
C02582,Vivaan Mehta,Male,21,Kolkata,West Bengal,East
C02583,Rahul Sharma,Female,52,Chennai,Tamil Nadu,South
C02584,Saanvi Singh,Female,24,Delhi,Delhi,North
C02585,Kabir Joshi,Male,50,Mumbai,Maharashtra,West
C02586,Rohan Singh,Female,54,Mumbai,Maharashtra,West
C02587,Neha Verma,Female,36,Kolkata,West Bengal,East
C02588,Aarav Das,Female,39,Bengaluru,Karnataka,South
C02589,Priya Joshi,Female,57,Pune,Maharashtra,West
C02590,Vihaan Das,Male,36,Delhi,Delhi,North
C02591,Riya Sharma,Male,56,Bengaluru,Karnataka,South
C02592,Diya Mehta,Female,31,Hyderabad,Telangana,South
C02593,Riya Sharma,Male,42,Pune,Maharashtra,West
C02594,Aditya Singh,Female,52,Mumbai,Maharashtra,West
C02595,Kabir Sharma,Female,60,Mumbai,Maharashtra,West
C02596,Kabir Joshi,Female,35,Lucknow,Uttar Pradesh,North
C02597,Riya Gupta,Male,39,Hyderabad,Telangana,South
C02598,Priya Singh,Female,38,Hyderabad,Telangana,South
C02599,Rohan Joshi,Female,41,Mumbai,Maharashtra,West
C02600,Priya Mehta,Male,41,Mumbai,Maharashtra,West
C02601,Saanvi Singh,Female,44,Jaipur,Rajasthan,North
C02602,Riya Patel,Male,44,Hyderabad,Telangana,South
C02603,Aryan Nair,Female,36,Guwahati,Assam,East
C02604,Diya Verma,Male,44,Kolkata,West Bengal,East
C02605,Kabir Patel,Female,58,Pune,Maharashtra,West
C02606,Vihaan Joshi,Male,28,Hyderabad,Telangana,South
C02607,Neha Gupta,Female,65,Mumbai,Maharashtra,West
C02608,Aryan Sharma,Female,19,Mumbai,Maharashtra,West
C02609,Aditya Patel,Female,45,Bengaluru,Karnataka,South
C02610,Aryan Roy,Male,63,Kolkata,West Bengal,East
C02611,Arjun Das,Female,55,Chennai,Tamil Nadu,South
C02612,Saanvi Verma,Male,22,Guwahati,Assam,East
C02613,Karan Roy,Female,65,Kolkata,West Bengal,East
C02614,Ananya Joshi,Male,64,Pune,Maharashtra,West
C02615,Riya Mehta,Male,27,Bengaluru,Karnataka,South
C02616,Riya Nair,Female,61,Delhi,Delhi,North
C02617,Sneha Das,Female,29,Jaipur,Rajasthan,North
C02618,Riya Gupta,Male,32,Lucknow,Uttar Pradesh,North
C02619,Aditi Das,Male,54,Chennai,Tamil Nadu,South
C02620,Kabir Nair,Female,36,Lucknow,Uttar Pradesh,North
C02621,Sneha Das,Male,27,Kolkata,West Bengal,East
C02622,Ishaan Roy,Female,54,Delhi,Delhi,North
C02623,Diya Verma,Female,36,Guwahati,Assam,East
C02624,Arjun Gupta,Female,49,Bengaluru,Karnataka,South
C02625,Rohan Patel,Female,34,Jaipur,Rajasthan,North
C02626,Arjun Singh,Female,27,Guwahati,Assam,East
C02627,Ishaan Mehta,Male,19,Mumbai,Maharashtra,West
C02628,Vivaan Mehta,Male,18,Guwahati,Assam,East
C02629,Aarav Das,Male,36,Jaipur,Rajasthan,North
C02630,Neha Yadav,Female,51,Guwahati,Assam,East
C02631,Karan Gupta,Male,63,Bengaluru,Karnataka,South
C02632,Karan Roy,Female,34,Mumbai,Maharashtra,West
C02633,Aryan Gupta,Male,40,Mumbai,Maharashtra,West
C02634,Rohan Yadav,Male,38,Mumbai,Maharashtra,West
C02635,Kabir Das,Female,47,Bengaluru,Karnataka,South
C02636,Aditya Yadav,Female,20,Lucknow,Uttar Pradesh,North
C02637,Arjun Yadav,Female,30,Pune,Maharashtra,West
C02638,Vivaan Kumar,Male,33,Lucknow,Uttar Pradesh,North
C02639,Riya Roy,Male,61,Bengaluru,Karnataka,South
C02640,Rahul Joshi,Male,49,Hyderabad,Telangana,South
C02641,Aditi Gupta,Male,30,Bengaluru,Karnataka,South
C02642,Kabir Yadav,Male,18,Mumbai,Maharashtra,West
C02643,Aditya Joshi,Male,63,Pune,Maharashtra,West
C02644,Vivaan Roy,Female,57,Bengaluru,Karnataka,South
C02645,Riya Singh,Female,48,Pune,Maharashtra,West
C02646,Vihaan Gupta,Male,36,Lucknow,Uttar Pradesh,North
C02647,Aditi Kumar,Female,56,Jaipur,Rajasthan,North
C02648,Meera Joshi,Female,24,Kolkata,West Bengal,East
C02649,Arjun Gupta,Female,46,Hyderabad,Telangana,South
C02650,Rohan Kumar,Female,25,Kolkata,West Bengal,East
C02651,Karan Das,Male,40,Bengaluru,Karnataka,South
C02652,Aryan Joshi,Female,56,Pune,Maharashtra,West
C02653,Rohan Sharma,Female,35,Pune,Maharashtra,West
C02654,Ishaan Roy,Male,53,Lucknow,Uttar Pradesh,North
C02655,Rahul Kumar,Female,44,Kolkata,West Bengal,East
C02656,Karan Roy,Female,34,Pune,Maharashtra,West
C02657,Rahul Joshi,Male,39,Delhi,Delhi,North
C02658,Ananya Joshi,Female,32,Delhi,Delhi,North
C02659,Vihaan Mehta,Male,58,Guwahati,Assam,East
C02660,Saanvi Nair,Female,26,Mumbai,Maharashtra,West
C02661,Meera Sharma,Male,42,Guwahati,Assam,East
C02662,Diya Das,Male,59,Mumbai,Maharashtra,West
C02663,Kabir Singh,Female,52,Delhi,Delhi,North
C02664,Vihaan Mehta,Female,63,Hyderabad,Telangana,South
C02665,Ananya Patel,Female,39,Hyderabad,Telangana,South
C02666,Ishaan Mehta,Male,18,Pune,Maharashtra,West
C02667,Aarav Mehta,Male,50,Delhi,Delhi,North
C02668,Aditi Sharma,Male,36,Pune,Maharashtra,West
C02669,Aarav Singh,Male,20,Chennai,Tamil Nadu,South
C02670,Arjun Roy,Female,26,Chennai,Tamil Nadu,South
C02671,Aditya Verma,Male,50,Chennai,Tamil Nadu,South
C02672,Aarav Sharma,Male,24,Pune,Maharashtra,West
C02673,Sneha Singh,Female,38,Guwahati,Assam,East
C02674,Kabir Yadav,Male,37,Pune,Maharashtra,West
C02675,Karan Singh,Male,34,Chennai,Tamil Nadu,South
C02676,Aditi Roy,Female,45,Guwahati,Assam,East
C02677,Rohan Roy,Female,48,Mumbai,Maharashtra,West
C02678,Meera Mehta,Male,42,Chennai,Tamil Nadu,South
C02679,Aditi Yadav,Female,41,Delhi,Delhi,North
C02680,Arjun Joshi,Male,54,Lucknow,Uttar Pradesh,North
C02681,Sneha Singh,Female,41,Delhi,Delhi,North
C02682,Riya Verma,Female,39,Jaipur,Rajasthan,North
C02683,Aditya Verma,Male,31,Bengaluru,Karnataka,South
C02684,Riya Singh,Male,27,Jaipur,Rajasthan,North
C02685,Saanvi Joshi,Male,21,Pune,Maharashtra,West
C02686,Rahul Roy,Female,65,Jaipur,Rajasthan,North
C02687,Aryan Sharma,Female,62,Kolkata,West Bengal,East
C02688,Saanvi Roy,Male,35,Guwahati,Assam,East
C02689,Meera Joshi,Female,38,Hyderabad,Telangana,South
C02690,Diya Joshi,Female,50,Hyderabad,Telangana,South
C02691,Aditya Verma,Female,62,Lucknow,Uttar Pradesh,North
C02692,Sneha Patel,Male,28,Mumbai,Maharashtra,West
C02693,Arjun Patel,Male,46,Lucknow,Uttar Pradesh,North
C02694,Vivaan Roy,Female,28,Mumbai,Maharashtra,West
C02695,Aditi Patel,Female,43,Lucknow,Uttar Pradesh,North
C02696,Ananya Verma,Female,36,Delhi,Delhi,North
C02697,Kabir Das,Female,54,Chennai,Tamil Nadu,South
C02698,Aryan Gupta,Male,57,Bengaluru,Karnataka,South
C02699,Kabir Nair,Female,48,Kolkata,West Bengal,East
C02700,Ishaan Das,Male,28,Jaipur,Rajasthan,North
C02701,Aditi Sharma,Female,44,Lucknow,Uttar Pradesh,North
C02702,Aryan Joshi,Male,18,Bengaluru,Karnataka,South
C02703,Ishaan Singh,Male,52,Chennai,Tamil Nadu,South
C02704,Diya Verma,Male,57,Jaipur,Rajasthan,North
C02705,Saanvi Patel,Male,40,Jaipur,Rajasthan,North
C02706,Rohan Das,Male,30,Lucknow,Uttar Pradesh,North
C02707,Ananya Roy,Female,41,Chennai,Tamil Nadu,South
C02708,Sneha Gupta,Male,22,Guwahati,Assam,East
C02709,Aryan Verma,Male,35,Guwahati,Assam,East
C02710,Rahul Nair,Male,26,Bengaluru,Karnataka,South
C02711,Riya Kumar,Female,39,Lucknow,Uttar Pradesh,North
C02712,Riya Nair,Female,65,Guwahati,Assam,East
C02713,Aditi Singh,Male,18,Guwahati,Assam,East
C02714,Ishaan Verma,Male,27,Hyderabad,Telangana,South
C02715,Aditi Sharma,Female,22,Bengaluru,Karnataka,South
C02716,Aryan Mehta,Female,45,Delhi,Delhi,North
C02717,Diya Gupta,Male,33,Jaipur,Rajasthan,North
C02718,Sneha Roy,Female,63,Lucknow,Uttar Pradesh,North
C02719,Priya Gupta,Female,51,Jaipur,Rajasthan,North
C02720,Saanvi Singh,Male,58,Mumbai,Maharashtra,West
C02721,Aryan Roy,Female,49,Chennai,Tamil Nadu,South
C02722,Arjun Mehta,Female,59,Chennai,Tamil Nadu,South
C02723,Vihaan Sharma,Female,47,Kolkata,West Bengal,East
C02724,Neha Singh,Male,42,Kolkata,West Bengal,East
C02725,Vihaan Yadav,Male,30,Kolkata,West Bengal,East
C02726,Priya Mehta,Male,18,Jaipur,Rajasthan,North
C02727,Ananya Das,Male,41,Guwahati,Assam,East
C02728,Kabir Sharma,Female,20,Chennai,Tamil Nadu,South
C02729,Aditi Roy,Male,62,Chennai,Tamil Nadu,South
C02730,Rahul Kumar,Male,54,Chennai,Tamil Nadu,South
C02731,Aditi Nair,Female,49,Delhi,Delhi,North
C02732,Aditi Yadav,Male,20,Bengaluru,Karnataka,South
C02733,Aarav Nair,Male,63,Kolkata,West Bengal,East
C02734,Aryan Verma,Female,25,Bengaluru,Karnataka,South
C02735,Karan Kumar,Male,38,Delhi,Delhi,North
C02736,Meera Gupta,Male,59,Mumbai,Maharashtra,West
C02737,Aarav Das,Female,63,Guwahati,Assam,East
C02738,Riya Yadav,Female,51,Bengaluru,Karnataka,South
C02739,Sneha Roy,Male,22,Delhi,Delhi,North
C02740,Kabir Patel,Female,23,Hyderabad,Telangana,South
C02741,Karan Sharma,Female,56,Bengaluru,Karnataka,South
C02742,Kabir Roy,Male,58,Hyderabad,Telangana,South
C02743,Ananya Gupta,Female,25,Delhi,Delhi,North
C02744,Karan Nair,Male,54,Kolkata,West Bengal,East
C02745,Aditya Verma,Male,29,Jaipur,Rajasthan,North
C02746,Vihaan Das,Male,28,Mumbai,Maharashtra,West
C02747,Ishaan Kumar,Female,47,Delhi,Delhi,North
C02748,Rohan Gupta,Male,65,Mumbai,Maharashtra,West
C02749,Ananya Sharma,Female,63,Bengaluru,Karnataka,South
C02750,Vihaan Gupta,Male,54,Chennai,Tamil Nadu,South
C02751,Neha Singh,Male,35,Kolkata,West Bengal,East
C02752,Vihaan Gupta,Female,62,Hyderabad,Telangana,South
C02753,Rahul Verma,Female,40,Jaipur,Rajasthan,North
C02754,Priya Das,Female,58,Guwahati,Assam,East
C02755,Vivaan Nair,Female,27,Bengaluru,Karnataka,South
C02756,Riya Singh,Female,40,Lucknow,Uttar Pradesh,North
C02757,Ishaan Das,Female,23,Chennai,Tamil Nadu,South
C02758,Ishaan Gupta,Male,47,Lucknow,Uttar Pradesh,North
C02759,Vivaan Verma,Male,48,Chennai,Tamil Nadu,South
C02760,Karan Nair,Female,41,Bengaluru,Karnataka,South
C02761,Sneha Kumar,Male,38,Guwahati,Assam,East
C02762,Priya Sharma,Male,44,Mumbai,Maharashtra,West
C02763,Diya Das,Male,29,Jaipur,Rajasthan,North
C02764,Ananya Patel,Female,52,Kolkata,West Bengal,East
C02765,Aarav Joshi,Female,55,Bengaluru,Karnataka,South
C02766,Neha Yadav,Female,48,Guwahati,Assam,East
C02767,Rahul Yadav,Female,56,Hyderabad,Telangana,South
C02768,Aditi Kumar,Female,37,Kolkata,West Bengal,East
C02769,Rohan Mehta,Male,44,Delhi,Delhi,North
C02770,Rahul Nair,Female,55,Pune,Maharashtra,West
C02771,Vihaan Mehta,Male,37,Delhi,Delhi,North
C02772,Kabir Singh,Male,26,Guwahati,Assam,East
C02773,Vivaan Verma,Female,27,Kolkata,West Bengal,East
C02774,Karan Roy,Male,47,Kolkata,West Bengal,East
C02775,Aryan Singh,Male,37,Delhi,Delhi,North
C02776,Aditya Patel,Male,31,Chennai,Tamil Nadu,South
C02777,Aditya Yadav,Male,27,Pune,Maharashtra,West
C02778,Priya Sharma,Female,28,Lucknow,Uttar Pradesh,North
C02779,Arjun Joshi,Female,62,Kolkata,West Bengal,East
C02780,Aditi Kumar,Female,47,Hyderabad,Telangana,South
C02781,Arjun Roy,Male,38,Hyderabad,Telangana,South
C02782,Sneha Das,Female,61,Bengaluru,Karnataka,South
C02783,Saanvi Roy,Male,40,Pune,Maharashtra,West
C02784,Riya Sharma,Male,56,Jaipur,Rajasthan,North
C02785,Rohan Das,Female,39,Bengaluru,Karnataka,South
C02786,Aarav Nair,Female,22,Lucknow,Uttar Pradesh,North
C02787,Aryan Joshi,Male,20,Hyderabad,Telangana,South
C02788,Ananya Roy,Male,39,Hyderabad,Telangana,South
C02789,Vihaan Roy,Male,36,Pune,Maharashtra,West
C02790,Sneha Kumar,Female,20,Chennai,Tamil Nadu,South
C02791,Neha Patel,Male,43,Chennai,Tamil Nadu,South
C02792,Arjun Joshi,Male,40,Lucknow,Uttar Pradesh,North
C02793,Sneha Sharma,Male,38,Mumbai,Maharashtra,West
C02794,Riya Mehta,Female,61,Bengaluru,Karnataka,South
C02795,Aarav Joshi,Female,45,Jaipur,Rajasthan,North
C02796,Ananya Roy,Female,65,Delhi,Delhi,North
C02797,Saanvi Joshi,Female,48,Mumbai,Maharashtra,West
C02798,Meera Das,Male,29,Kolkata,West Bengal,East
C02799,Meera Roy,Male,27,Pune,Maharashtra,West
C02800,Diya Yadav,Female,30,Delhi,Delhi,North
C02801,Saanvi Yadav,Female,45,Lucknow,Uttar Pradesh,North
C02802,Karan Gupta,Male,25,Delhi,Delhi,North
C02803,Karan Das,Male,56,Jaipur,Rajasthan,North
C02804,Rahul Roy,Female,61,Kolkata,West Bengal,East
C02805,Aarav Mehta,Female,29,Chennai,Tamil Nadu,South
C02806,Priya Roy,Male,46,Chennai,Tamil Nadu,South
C02807,Ananya Kumar,Male,56,Kolkata,West Bengal,East
C02808,Priya Yadav,Male,52,Mumbai,Maharashtra,West
C02809,Rohan Patel,Male,52,Pune,Maharashtra,West
C02810,Aryan Yadav,Male,58,Mumbai,Maharashtra,West
C02811,Neha Gupta,Female,47,Jaipur,Rajasthan,North
C02812,Rohan Yadav,Female,20,Guwahati,Assam,East
C02813,Diya Das,Male,27,Mumbai,Maharashtra,West
C02814,Arjun Roy,Male,39,Guwahati,Assam,East
C02815,Neha Roy,Male,29,Chennai,Tamil Nadu,South
C02816,Aditya Roy,Male,30,Chennai,Tamil Nadu,South
C02817,Rahul Gupta,Male,62,Guwahati,Assam,East
C02818,Priya Nair,Female,31,Delhi,Delhi,North
C02819,Rahul Yadav,Male,35,Pune,Maharashtra,West
C02820,Vivaan Nair,Female,29,Lucknow,Uttar Pradesh,North
C02821,Rahul Sharma,Female,31,Chennai,Tamil Nadu,South
C02822,Neha Kumar,Male,35,Delhi,Delhi,North
C02823,Karan Nair,Female,24,Chennai,Tamil Nadu,South
C02824,Rohan Sharma,Female,32,Hyderabad,Telangana,South
C02825,Saanvi Gupta,Female,55,Mumbai,Maharashtra,West
C02826,Saanvi Das,Female,48,Pune,Maharashtra,West
C02827,Aarav Das,Female,38,Lucknow,Uttar Pradesh,North
C02828,Karan Patel,Female,65,Kolkata,West Bengal,East
C02829,Ishaan Mehta,Male,61,Jaipur,Rajasthan,North
C02830,Rahul Roy,Male,60,Pune,Maharashtra,West
C02831,Aditya Kumar,Female,53,Guwahati,Assam,East
C02832,Aditya Singh,Female,37,Kolkata,West Bengal,East
C02833,Diya Joshi,Female,19,Chennai,Tamil Nadu,South
C02834,Saanvi Nair,Male,57,Bengaluru,Karnataka,South
C02835,Riya Roy,Female,19,Kolkata,West Bengal,East
C02836,Meera Yadav,Female,33,Chennai,Tamil Nadu,South
C02837,Meera Patel,Female,56,Pune,Maharashtra,West
C02838,Arjun Roy,Male,31,Mumbai,Maharashtra,West
C02839,Riya Gupta,Male,28,Mumbai,Maharashtra,West
C02840,Meera Roy,Female,31,Pune,Maharashtra,West
C02841,Saanvi Gupta,Female,41,Pune,Maharashtra,West
C02842,Diya Mehta,Female,32,Mumbai,Maharashtra,West
C02843,Aditi Joshi,Female,46,Pune,Maharashtra,West
C02844,Vihaan Roy,Female,18,Bengaluru,Karnataka,South
C02845,Diya Joshi,Male,61,Lucknow,Uttar Pradesh,North
C02846,Sneha Nair,Female,44,Mumbai,Maharashtra,West
C02847,Ishaan Kumar,Male,57,Pune,Maharashtra,West
C02848,Aryan Nair,Male,56,Hyderabad,Telangana,South
C02849,Neha Sharma,Female,57,Guwahati,Assam,East
C02850,Vihaan Nair,Female,61,Hyderabad,Telangana,South
C02851,Priya Sharma,Female,53,Mumbai,Maharashtra,West
C02852,Ishaan Patel,Female,41,Lucknow,Uttar Pradesh,North
C02853,Vihaan Joshi,Male,38,Hyderabad,Telangana,South
C02854,Ananya Verma,Male,31,Bengaluru,Karnataka,South
C02855,Karan Joshi,Male,61,Guwahati,Assam,East
C02856,Karan Singh,Male,47,Guwahati,Assam,East
C02857,Arjun Nair,Female,28,Lucknow,Uttar Pradesh,North
C02858,Karan Yadav,Male,18,Hyderabad,Telangana,South
C02859,Neha Mehta,Female,42,Delhi,Delhi,North
C02860,Neha Gupta,Male,63,Mumbai,Maharashtra,West
C02861,Meera Yadav,Male,46,Guwahati,Assam,East
C02862,Vivaan Gupta,Female,64,Jaipur,Rajasthan,North
C02863,Priya Roy,Female,45,Delhi,Delhi,North
C02864,Arjun Patel,Female,55,Mumbai,Maharashtra,West
C02865,Vihaan Das,Female,60,Mumbai,Maharashtra,West
C02866,Aryan Singh,Female,31,Kolkata,West Bengal,East
C02867,Arjun Das,Male,47,Chennai,Tamil Nadu,South
C02868,Rohan Gupta,Female,36,Jaipur,Rajasthan,North
C02869,Diya Joshi,Female,54,Jaipur,Rajasthan,North
C02870,Saanvi Sharma,Male,27,Chennai,Tamil Nadu,South
C02871,Ananya Sharma,Male,41,Lucknow,Uttar Pradesh,North
C02872,Priya Yadav,Female,37,Guwahati,Assam,East
C02873,Riya Kumar,Female,48,Bengaluru,Karnataka,South
C02874,Ananya Patel,Male,27,Jaipur,Rajasthan,North
C02875,Ananya Roy,Female,58,Guwahati,Assam,East
C02876,Aarav Singh,Female,27,Hyderabad,Telangana,South
C02877,Aarav Gupta,Female,64,Guwahati,Assam,East
C02878,Kabir Roy,Female,57,Lucknow,Uttar Pradesh,North
C02879,Priya Kumar,Male,55,Bengaluru,Karnataka,South
C02880,Diya Mehta,Female,42,Lucknow,Uttar Pradesh,North
C02881,Vihaan Mehta,Female,29,Jaipur,Rajasthan,North
C02882,Sneha Sharma,Male,39,Jaipur,Rajasthan,North
C02883,Ananya Singh,Male,27,Hyderabad,Telangana,South
C02884,Saanvi Yadav,Male,59,Chennai,Tamil Nadu,South
C02885,Priya Joshi,Female,54,Hyderabad,Telangana,South
C02886,Kabir Singh,Male,41,Delhi,Delhi,North
C02887,Sneha Kumar,Male,39,Delhi,Delhi,North
C02888,Aditya Gupta,Male,21,Lucknow,Uttar Pradesh,North
C02889,Riya Mehta,Male,33,Jaipur,Rajasthan,North
C02890,Vihaan Yadav,Male,32,Chennai,Tamil Nadu,South
C02891,Vihaan Sharma,Female,53,Jaipur,Rajasthan,North
C02892,Aditya Yadav,Male,64,Chennai,Tamil Nadu,South
C02893,Aryan Mehta,Female,21,Mumbai,Maharashtra,West
C02894,Rohan Singh,Female,47,Hyderabad,Telangana,South
C02895,Meera Sharma,Female,58,Mumbai,Maharashtra,West
C02896,Ishaan Joshi,Male,46,Mumbai,Maharashtra,West
C02897,Aditi Singh,Male,52,Mumbai,Maharashtra,West
C02898,Ishaan Nair,Female,37,Guwahati,Assam,East
C02899,Aarav Nair,Female,25,Guwahati,Assam,East
C02900,Ishaan Nair,Female,18,Jaipur,Rajasthan,North
C02901,Neha Nair,Female,49,Chennai,Tamil Nadu,South
C02902,Diya Mehta,Female,50,Bengaluru,Karnataka,South
C02903,Ananya Gupta,Male,39,Chennai,Tamil Nadu,South
C02904,Meera Mehta,Female,58,Chennai,Tamil Nadu,South
C02905,Arjun Patel,Female,18,Jaipur,Rajasthan,North
C02906,Kabir Joshi,Female,28,Kolkata,West Bengal,East
C02907,Aditya Roy,Female,24,Bengaluru,Karnataka,South
C02908,Diya Kumar,Male,30,Jaipur,Rajasthan,North
C02909,Rohan Singh,Female,50,Mumbai,Maharashtra,West
C02910,Diya Mehta,Female,24,Chennai,Tamil Nadu,South
C02911,Saanvi Singh,Male,38,Chennai,Tamil Nadu,South
C02912,Ishaan Roy,Male,28,Bengaluru,Karnataka,South
C02913,Vihaan Das,Female,59,Guwahati,Assam,East
C02914,Neha Yadav,Female,32,Guwahati,Assam,East
C02915,Aditi Gupta,Female,27,Chennai,Tamil Nadu,South
C02916,Diya Yadav,Female,65,Chennai,Tamil Nadu,South
C02917,Karan Gupta,Female,54,Kolkata,West Bengal,East
C02918,Neha Sharma,Female,21,Pune,Maharashtra,West
C02919,Priya Kumar,Male,47,Pune,Maharashtra,West
C02920,Aarav Yadav,Male,31,Chennai,Tamil Nadu,South
C02921,Ananya Das,Male,38,Chennai,Tamil Nadu,South
C02922,Sneha Das,Male,31,Pune,Maharashtra,West
C02923,Kabir Joshi,Female,24,Guwahati,Assam,East
C02924,Rohan Patel,Female,64,Mumbai,Maharashtra,West
C02925,Riya Joshi,Male,60,Jaipur,Rajasthan,North
C02926,Aditi Singh,Female,56,Pune,Maharashtra,West
C02927,Sneha Sharma,Male,21,Guwahati,Assam,East
C02928,Rahul Mehta,Female,46,Kolkata,West Bengal,East
C02929,Arjun Joshi,Male,65,Chennai,Tamil Nadu,South
C02930,Diya Yadav,Female,27,Mumbai,Maharashtra,West
C02931,Riya Gupta,Male,53,Bengaluru,Karnataka,South
C02932,Karan Singh,Female,54,Mumbai,Maharashtra,West
C02933,Rahul Mehta,Female,62,Lucknow,Uttar Pradesh,North
C02934,Aryan Verma,Female,41,Delhi,Delhi,North
C02935,Ishaan Patel,Female,47,Jaipur,Rajasthan,North
C02936,Karan Das,Female,30,Hyderabad,Telangana,South
C02937,Rahul Nair,Male,26,Chennai,Tamil Nadu,South
C02938,Neha Roy,Female,49,Mumbai,Maharashtra,West
C02939,Kabir Sharma,Female,19,Delhi,Delhi,North
C02940,Neha Sharma,Female,52,Guwahati,Assam,East
C02941,Ananya Nair,Female,58,Jaipur,Rajasthan,North
C02942,Aditya Nair,Male,53,Mumbai,Maharashtra,West
C02943,Meera Patel,Male,54,Mumbai,Maharashtra,West
C02944,Saanvi Kumar,Male,22,Jaipur,Rajasthan,North
C02945,Rahul Joshi,Female,65,Pune,Maharashtra,West
C02946,Diya Verma,Male,59,Bengaluru,Karnataka,South
C02947,Diya Joshi,Female,19,Guwahati,Assam,East
C02948,Riya Gupta,Male,57,Pune,Maharashtra,West
C02949,Aarav Sharma,Male,38,Pune,Maharashtra,West
C02950,Aryan Gupta,Male,55,Pune,Maharashtra,West
C02951,Meera Joshi,Male,54,Kolkata,West Bengal,East
C02952,Riya Patel,Male,27,Kolkata,West Bengal,East
C02953,Ananya Patel,Male,19,Hyderabad,Telangana,South
C02954,Saanvi Sharma,Male,52,Lucknow,Uttar Pradesh,North
C02955,Aditya Das,Female,32,Kolkata,West Bengal,East
C02956,Ishaan Gupta,Male,45,Hyderabad,Telangana,South
C02957,Rohan Singh,Female,19,Chennai,Tamil Nadu,South
C02958,Karan Verma,Female,19,Bengaluru,Karnataka,South
C02959,Ishaan Roy,Male,46,Jaipur,Rajasthan,North
C02960,Sneha Singh,Male,42,Jaipur,Rajasthan,North
C02961,Arjun Verma,Male,50,Guwahati,Assam,East
C02962,Kabir Verma,Male,31,Guwahati,Assam,East
C02963,Aditi Yadav,Female,65,Mumbai,Maharashtra,West
C02964,Neha Singh,Male,23,Kolkata,West Bengal,East
C02965,Priya Joshi,Female,50,Lucknow,Uttar Pradesh,North
C02966,Karan Sharma,Male,42,Mumbai,Maharashtra,West
C02967,Sneha Verma,Female,41,Pune,Maharashtra,West
C02968,Aditya Roy,Female,32,Chennai,Tamil Nadu,South
C02969,Sneha Joshi,Male,35,Mumbai,Maharashtra,West
C02970,Vivaan Patel,Male,29,Kolkata,West Bengal,East
C02971,Aarav Patel,Male,26,Guwahati,Assam,East
C02972,Vivaan Sharma,Male,65,Jaipur,Rajasthan,North
C02973,Priya Nair,Female,28,Chennai,Tamil Nadu,South
C02974,Vihaan Patel,Male,65,Pune,Maharashtra,West
C02975,Priya Verma,Male,19,Bengaluru,Karnataka,South
C02976,Ishaan Gupta,Female,58,Jaipur,Rajasthan,North
C02977,Rahul Nair,Female,19,Kolkata,West Bengal,East
C02978,Diya Sharma,Female,20,Delhi,Delhi,North
C02979,Neha Sharma,Female,56,Bengaluru,Karnataka,South
C02980,Vihaan Patel,Male,18,Lucknow,Uttar Pradesh,North
C02981,Rohan Verma,Female,22,Kolkata,West Bengal,East
C02982,Aditi Joshi,Female,52,Mumbai,Maharashtra,West
C02983,Aryan Nair,Male,37,Jaipur,Rajasthan,North
C02984,Aditi Gupta,Male,38,Jaipur,Rajasthan,North
C02985,Priya Nair,Male,48,Lucknow,Uttar Pradesh,North
C02986,Riya Singh,Male,32,Jaipur,Rajasthan,North
C02987,Aryan Patel,Male,60,Lucknow,Uttar Pradesh,North
C02988,Arjun Yadav,Female,36,Mumbai,Maharashtra,West
C02989,Arjun Singh,Male,34,Guwahati,Assam,East
C02990,Ananya Das,Female,60,Bengaluru,Karnataka,South
C02991,Kabir Mehta,Female,26,Guwahati,Assam,East
C02992,Neha Das,Male,55,Kolkata,West Bengal,East
C02993,Sneha Kumar,Male,30,Delhi,Delhi,North
C02994,Aarav Patel,Male,33,Bengaluru,Karnataka,South
C02995,Sneha Das,Male,54,Bengaluru,Karnataka,South
C02996,Aditi Das,Male,58,Jaipur,Rajasthan,North
C02997,Sneha Joshi,Male,47,Guwahati,Assam,East
C02998,Rahul Mehta,Female,25,Guwahati,Assam,East
C02999,Kabir Das,Female,29,Chennai,Tamil Nadu,South
C03000,Diya Joshi,Female,60,Chennai,Tamil Nadu,South
C03001,Diya Mehta,Female,22,Mumbai,Maharashtra,West
C03002,Neha Kumar,Male,52,Kolkata,West Bengal,East
C03003,Arjun Singh,Female,25,Bengaluru,Karnataka,South
C03004,Meera Yadav,Female,26,Mumbai,Maharashtra,West
C03005,Ananya Joshi,Female,53,Kolkata,West Bengal,East
C03006,Kabir Patel,Female,50,Mumbai,Maharashtra,West
C03007,Aryan Kumar,Male,19,Hyderabad,Telangana,South
C03008,Priya Mehta,Male,54,Hyderabad,Telangana,South
C03009,Kabir Sharma,Female,52,Lucknow,Uttar Pradesh,North
C03010,Kabir Patel,Female,28,Hyderabad,Telangana,South
C03011,Vihaan Kumar,Male,63,Mumbai,Maharashtra,West
C03012,Meera Nair,Female,30,Bengaluru,Karnataka,South
C03013,Vivaan Roy,Female,42,Chennai,Tamil Nadu,South
C03014,Neha Joshi,Female,38,Lucknow,Uttar Pradesh,North
C03015,Ananya Sharma,Male,34,Bengaluru,Karnataka,South
C03016,Ananya Singh,Male,21,Lucknow,Uttar Pradesh,North
C03017,Aryan Patel,Female,28,Pune,Maharashtra,West
C03018,Sneha Patel,Female,43,Hyderabad,Telangana,South
C03019,Ishaan Singh,Female,22,Guwahati,Assam,East
C03020,Rahul Patel,Female,25,Hyderabad,Telangana,South
C03021,Aryan Singh,Female,27,Guwahati,Assam,East
C03022,Diya Sharma,Male,51,Chennai,Tamil Nadu,South
C03023,Kabir Verma,Female,32,Chennai,Tamil Nadu,South
C03024,Ananya Verma,Female,27,Jaipur,Rajasthan,North
C03025,Diya Gupta,Male,42,Mumbai,Maharashtra,West
C03026,Arjun Kumar,Female,45,Chennai,Tamil Nadu,South
C03027,Vihaan Yadav,Female,36,Guwahati,Assam,East
C03028,Kabir Verma,Male,64,Hyderabad,Telangana,South
C03029,Saanvi Das,Male,60,Guwahati,Assam,East
C03030,Neha Roy,Male,58,Jaipur,Rajasthan,North
C03031,Rahul Yadav,Female,34,Mumbai,Maharashtra,West
C03032,Diya Roy,Female,40,Lucknow,Uttar Pradesh,North
C03033,Aarav Verma,Female,33,Mumbai,Maharashtra,West
C03034,Aditi Singh,Female,60,Guwahati,Assam,East
C03035,Arjun Yadav,Female,53,Chennai,Tamil Nadu,South
C03036,Riya Roy,Female,20,Guwahati,Assam,East
C03037,Arjun Nair,Male,54,Guwahati,Assam,East
C03038,Arjun Singh,Female,55,Mumbai,Maharashtra,West
C03039,Neha Roy,Male,40,Guwahati,Assam,East
C03040,Karan Nair,Male,43,Jaipur,Rajasthan,North
C03041,Aarav Singh,Male,19,Pune,Maharashtra,West
C03042,Arjun Gupta,Female,19,Kolkata,West Bengal,East
C03043,Rahul Das,Female,40,Jaipur,Rajasthan,North
C03044,Rahul Joshi,Male,38,Hyderabad,Telangana,South
C03045,Rahul Patel,Male,53,Jaipur,Rajasthan,North
C03046,Diya Yadav,Female,40,Lucknow,Uttar Pradesh,North
C03047,Aditi Verma,Female,40,Bengaluru,Karnataka,South
C03048,Meera Yadav,Male,38,Guwahati,Assam,East
C03049,Arjun Yadav,Male,58,Chennai,Tamil Nadu,South
C03050,Diya Nair,Female,58,Pune,Maharashtra,West
C03051,Sneha Singh,Female,63,Bengaluru,Karnataka,South
C03052,Priya Das,Female,41,Jaipur,Rajasthan,North
C03053,Vihaan Das,Male,25,Bengaluru,Karnataka,South
C03054,Riya Gupta,Female,53,Hyderabad,Telangana,South
C03055,Vihaan Roy,Male,30,Lucknow,Uttar Pradesh,North
C03056,Aditya Yadav,Female,34,Mumbai,Maharashtra,West
C03057,Diya Mehta,Female,43,Bengaluru,Karnataka,South
C03058,Sneha Verma,Female,57,Bengaluru,Karnataka,South
C03059,Aditya Das,Male,46,Guwahati,Assam,East
C03060,Rohan Mehta,Male,60,Delhi,Delhi,North
C03061,Aarav Joshi,Male,62,Chennai,Tamil Nadu,South
C03062,Rohan Singh,Female,59,Hyderabad,Telangana,South
C03063,Aryan Sharma,Female,33,Hyderabad,Telangana,South
C03064,Saanvi Joshi,Female,44,Delhi,Delhi,North
C03065,Meera Nair,Male,44,Lucknow,Uttar Pradesh,North
C03066,Kabir Nair,Female,58,Bengaluru,Karnataka,South
C03067,Sneha Yadav,Female,63,Guwahati,Assam,East
C03068,Rahul Roy,Female,41,Kolkata,West Bengal,East
C03069,Diya Mehta,Female,22,Hyderabad,Telangana,South
C03070,Diya Yadav,Male,52,Bengaluru,Karnataka,South
C03071,Aryan Verma,Female,52,Guwahati,Assam,East
C03072,Arjun Nair,Male,64,Kolkata,West Bengal,East
C03073,Meera Singh,Female,35,Kolkata,West Bengal,East
C03074,Vivaan Joshi,Female,49,Guwahati,Assam,East
C03075,Neha Verma,Male,19,Guwahati,Assam,East
C03076,Karan Mehta,Male,40,Lucknow,Uttar Pradesh,North
C03077,Aryan Verma,Female,22,Jaipur,Rajasthan,North
C03078,Riya Gupta,Male,63,Chennai,Tamil Nadu,South
C03079,Aditi Roy,Male,43,Guwahati,Assam,East
C03080,Karan Gupta,Female,39,Hyderabad,Telangana,South
C03081,Riya Mehta,Female,27,Hyderabad,Telangana,South
C03082,Riya Das,Male,57,Lucknow,Uttar Pradesh,North
C03083,Priya Nair,Male,22,Delhi,Delhi,North
C03084,Aditya Mehta,Female,64,Guwahati,Assam,East
C03085,Ishaan Singh,Male,29,Bengaluru,Karnataka,South
C03086,Aditi Yadav,Male,39,Delhi,Delhi,North
C03087,Arjun Roy,Female,44,Mumbai,Maharashtra,West
C03088,Aditi Patel,Female,29,Pune,Maharashtra,West
C03089,Ananya Das,Male,63,Mumbai,Maharashtra,West
C03090,Rahul Joshi,Male,29,Pune,Maharashtra,West
C03091,Sneha Singh,Male,40,Chennai,Tamil Nadu,South
C03092,Diya Joshi,Male,51,Mumbai,Maharashtra,West
C03093,Aarav Nair,Male,53,Chennai,Tamil Nadu,South
C03094,Priya Verma,Male,18,Delhi,Delhi,North
C03095,Aarav Sharma,Female,42,Lucknow,Uttar Pradesh,North
C03096,Aarav Nair,Female,22,Chennai,Tamil Nadu,South
C03097,Ishaan Kumar,Female,29,Bengaluru,Karnataka,South
C03098,Ishaan Das,Male,61,Lucknow,Uttar Pradesh,North
C03099,Saanvi Das,Male,46,Bengaluru,Karnataka,South
C03100,Kabir Patel,Female,19,Bengaluru,Karnataka,South
C03101,Vivaan Mehta,Male,37,Guwahati,Assam,East
C03102,Arjun Das,Male,55,Chennai,Tamil Nadu,South
C03103,Vihaan Verma,Female,30,Lucknow,Uttar Pradesh,North
C03104,Aryan Nair,Female,47,Guwahati,Assam,East
C03105,Sneha Joshi,Male,60,Lucknow,Uttar Pradesh,North
C03106,Aditya Das,Male,41,Lucknow,Uttar Pradesh,North
C03107,Rohan Joshi,Male,43,Bengaluru,Karnataka,South
C03108,Priya Sharma,Female,60,Delhi,Delhi,North
C03109,Arjun Mehta,Male,60,Guwahati,Assam,East
C03110,Kabir Nair,Female,52,Kolkata,West Bengal,East
C03111,Ananya Das,Male,46,Hyderabad,Telangana,South
C03112,Ananya Kumar,Female,43,Hyderabad,Telangana,South
C03113,Sneha Verma,Female,19,Pune,Maharashtra,West
C03114,Arjun Das,Female,57,Jaipur,Rajasthan,North
C03115,Ananya Joshi,Female,61,Pune,Maharashtra,West
C03116,Kabir Sharma,Male,23,Delhi,Delhi,North
C03117,Riya Yadav,Male,59,Chennai,Tamil Nadu,South
C03118,Vivaan Mehta,Male,21,Kolkata,West Bengal,East
C03119,Sneha Singh,Female,52,Chennai,Tamil Nadu,South
C03120,Neha Yadav,Male,50,Delhi,Delhi,North
C03121,Vivaan Singh,Male,47,Kolkata,West Bengal,East
C03122,Rohan Yadav,Female,22,Bengaluru,Karnataka,South
C03123,Aditi Singh,Male,20,Hyderabad,Telangana,South
C03124,Ishaan Yadav,Male,36,Pune,Maharashtra,West
C03125,Rohan Kumar,Female,29,Delhi,Delhi,North
C03126,Rohan Das,Female,20,Pune,Maharashtra,West
C03127,Aryan Nair,Male,57,Bengaluru,Karnataka,South
C03128,Neha Kumar,Female,31,Chennai,Tamil Nadu,South
C03129,Neha Yadav,Male,44,Chennai,Tamil Nadu,South
C03130,Sneha Gupta,Male,49,Pune,Maharashtra,West
C03131,Saanvi Sharma,Female,20,Chennai,Tamil Nadu,South
C03132,Aryan Kumar,Male,22,Jaipur,Rajasthan,North
C03133,Arjun Patel,Female,22,Mumbai,Maharashtra,West
C03134,Meera Das,Male,65,Bengaluru,Karnataka,South
C03135,Sneha Gupta,Female,36,Chennai,Tamil Nadu,South
C03136,Rahul Verma,Male,43,Guwahati,Assam,East
C03137,Aditya Mehta,Female,30,Hyderabad,Telangana,South
C03138,Kabir Sharma,Female,48,Bengaluru,Karnataka,South
C03139,Arjun Singh,Male,42,Mumbai,Maharashtra,West
C03140,Aditya Yadav,Male,33,Bengaluru,Karnataka,South
C03141,Saanvi Das,Female,65,Pune,Maharashtra,West
C03142,Karan Nair,Male,60,Bengaluru,Karnataka,South
C03143,Ishaan Singh,Female,20,Lucknow,Uttar Pradesh,North
C03144,Aarav Patel,Female,34,Guwahati,Assam,East
C03145,Priya Joshi,Male,59,Bengaluru,Karnataka,South
C03146,Sneha Roy,Male,36,Delhi,Delhi,North
C03147,Aditya Singh,Male,58,Lucknow,Uttar Pradesh,North
C03148,Diya Kumar,Female,19,Hyderabad,Telangana,South
C03149,Aditya Singh,Female,53,Jaipur,Rajasthan,North
C03150,Aryan Mehta,Female,21,Bengaluru,Karnataka,South
C03151,Aditya Roy,Male,57,Mumbai,Maharashtra,West
C03152,Diya Das,Male,27,Bengaluru,Karnataka,South
C03153,Rohan Sharma,Female,18,Mumbai,Maharashtra,West
C03154,Vivaan Roy,Male,32,Guwahati,Assam,East
C03155,Riya Mehta,Male,19,Delhi,Delhi,North
C03156,Riya Kumar,Female,36,Jaipur,Rajasthan,North
C03157,Sneha Joshi,Male,61,Guwahati,Assam,East
C03158,Saanvi Gupta,Female,58,Jaipur,Rajasthan,North
C03159,Aditi Patel,Female,52,Jaipur,Rajasthan,North
C03160,Rohan Patel,Female,58,Kolkata,West Bengal,East
C03161,Sneha Gupta,Male,41,Bengaluru,Karnataka,South
C03162,Neha Gupta,Male,20,Delhi,Delhi,North
C03163,Neha Yadav,Male,43,Jaipur,Rajasthan,North
C03164,Priya Singh,Female,44,Bengaluru,Karnataka,South
C03165,Karan Yadav,Female,46,Pune,Maharashtra,West
C03166,Karan Das,Female,38,Pune,Maharashtra,West
C03167,Aryan Yadav,Male,33,Pune,Maharashtra,West
C03168,Ishaan Nair,Male,64,Hyderabad,Telangana,South
C03169,Priya Joshi,Female,41,Guwahati,Assam,East
C03170,Ishaan Roy,Male,48,Chennai,Tamil Nadu,South
C03171,Meera Kumar,Female,37,Mumbai,Maharashtra,West
C03172,Neha Sharma,Male,31,Guwahati,Assam,East
C03173,Meera Patel,Female,51,Kolkata,West Bengal,East
C03174,Vihaan Joshi,Male,62,Pune,Maharashtra,West
C03175,Sneha Nair,Male,35,Hyderabad,Telangana,South
C03176,Aryan Kumar,Female,54,Guwahati,Assam,East
C03177,Aryan Roy,Female,47,Hyderabad,Telangana,South
C03178,Aryan Joshi,Female,57,Hyderabad,Telangana,South
C03179,Kabir Yadav,Male,61,Guwahati,Assam,East
C03180,Aditya Verma,Male,18,Mumbai,Maharashtra,West
C03181,Diya Verma,Female,40,Delhi,Delhi,North
C03182,Aryan Singh,Female,22,Hyderabad,Telangana,South
C03183,Saanvi Das,Female,48,Kolkata,West Bengal,East
C03184,Vihaan Gupta,Female,24,Kolkata,West Bengal,East
C03185,Vihaan Patel,Male,44,Lucknow,Uttar Pradesh,North
C03186,Meera Nair,Female,28,Mumbai,Maharashtra,West
C03187,Meera Kumar,Female,62,Lucknow,Uttar Pradesh,North
C03188,Rohan Verma,Male,46,Chennai,Tamil Nadu,South
C03189,Vivaan Patel,Female,48,Mumbai,Maharashtra,West
C03190,Aditi Patel,Male,55,Pune,Maharashtra,West
C03191,Karan Nair,Male,46,Kolkata,West Bengal,East
C03192,Aditi Kumar,Female,39,Delhi,Delhi,North
C03193,Priya Verma,Male,26,Mumbai,Maharashtra,West
C03194,Ananya Kumar,Female,27,Guwahati,Assam,East
C03195,Ishaan Kumar,Female,36,Mumbai,Maharashtra,West
C03196,Priya Nair,Female,19,Mumbai,Maharashtra,West
C03197,Riya Roy,Male,41,Guwahati,Assam,East
C03198,Ishaan Mehta,Female,51,Chennai,Tamil Nadu,South
C03199,Aditi Das,Male,21,Delhi,Delhi,North
C03200,Ananya Gupta,Female,45,Hyderabad,Telangana,South
C03201,Vivaan Gupta,Female,60,Kolkata,West Bengal,East
C03202,Diya Mehta,Male,26,Mumbai,Maharashtra,West
C03203,Aarav Yadav,Male,37,Guwahati,Assam,East
C03204,Ishaan Joshi,Female,42,Pune,Maharashtra,West
C03205,Rahul Yadav,Female,39,Delhi,Delhi,North
C03206,Kabir Roy,Female,63,Kolkata,West Bengal,East
C03207,Aryan Das,Female,53,Kolkata,West Bengal,East
C03208,Aditi Gupta,Female,23,Hyderabad,Telangana,South
C03209,Aditya Kumar,Female,50,Jaipur,Rajasthan,North
C03210,Aarav Patel,Male,33,Mumbai,Maharashtra,West
C03211,Vihaan Das,Male,27,Mumbai,Maharashtra,West
C03212,Rohan Verma,Male,18,Guwahati,Assam,East
C03213,Diya Nair,Male,27,Delhi,Delhi,North
C03214,Karan Kumar,Female,60,Guwahati,Assam,East
C03215,Saanvi Verma,Male,63,Mumbai,Maharashtra,West
C03216,Ishaan Yadav,Male,29,Bengaluru,Karnataka,South
C03217,Aditya Sharma,Female,61,Mumbai,Maharashtra,West
C03218,Ishaan Sharma,Male,42,Hyderabad,Telangana,South
C03219,Kabir Singh,Female,30,Kolkata,West Bengal,East
C03220,Saanvi Yadav,Male,48,Jaipur,Rajasthan,North
C03221,Riya Sharma,Female,29,Chennai,Tamil Nadu,South
C03222,Aarav Verma,Male,30,Lucknow,Uttar Pradesh,North
C03223,Aryan Mehta,Male,62,Chennai,Tamil Nadu,South
C03224,Aditya Singh,Male,38,Mumbai,Maharashtra,West
C03225,Vihaan Roy,Female,56,Hyderabad,Telangana,South
C03226,Kabir Kumar,Female,31,Pune,Maharashtra,West
C03227,Rahul Das,Male,51,Pune,Maharashtra,West
C03228,Rahul Gupta,Male,22,Delhi,Delhi,North
C03229,Aditya Joshi,Female,64,Delhi,Delhi,North
C03230,Saanvi Roy,Male,61,Delhi,Delhi,North
C03231,Aarav Yadav,Male,38,Jaipur,Rajasthan,North
C03232,Priya Yadav,Male,54,Guwahati,Assam,East
C03233,Diya Joshi,Female,65,Chennai,Tamil Nadu,South
C03234,Priya Joshi,Female,49,Jaipur,Rajasthan,North
C03235,Meera Yadav,Male,32,Kolkata,West Bengal,East
C03236,Vihaan Sharma,Female,44,Guwahati,Assam,East
C03237,Karan Das,Female,47,Jaipur,Rajasthan,North
C03238,Karan Patel,Male,65,Jaipur,Rajasthan,North
C03239,Neha Sharma,Male,38,Pune,Maharashtra,West
C03240,Aryan Roy,Female,18,Pune,Maharashtra,West
C03241,Vihaan Patel,Male,31,Pune,Maharashtra,West
C03242,Aarav Roy,Female,27,Mumbai,Maharashtra,West
C03243,Diya Singh,Male,49,Chennai,Tamil Nadu,South
C03244,Vihaan Gupta,Female,32,Pune,Maharashtra,West
C03245,Aditi Nair,Female,45,Hyderabad,Telangana,South
C03246,Vihaan Joshi,Male,40,Pune,Maharashtra,West
C03247,Aditya Das,Female,56,Mumbai,Maharashtra,West
C03248,Aryan Singh,Female,31,Chennai,Tamil Nadu,South
C03249,Aditi Sharma,Female,58,Pune,Maharashtra,West
C03250,Diya Kumar,Female,61,Bengaluru,Karnataka,South
C03251,Neha Nair,Male,56,Guwahati,Assam,East
C03252,Kabir Gupta,Female,64,Bengaluru,Karnataka,South
C03253,Aryan Das,Female,22,Kolkata,West Bengal,East
C03254,Karan Das,Female,33,Delhi,Delhi,North
C03255,Diya Yadav,Male,38,Hyderabad,Telangana,South
C03256,Rahul Mehta,Female,54,Jaipur,Rajasthan,North
C03257,Ishaan Patel,Female,58,Kolkata,West Bengal,East
C03258,Rohan Yadav,Male,33,Guwahati,Assam,East
C03259,Riya Joshi,Male,38,Jaipur,Rajasthan,North
C03260,Arjun Roy,Male,57,Lucknow,Uttar Pradesh,North
C03261,Aditya Mehta,Female,47,Kolkata,West Bengal,East
C03262,Rahul Verma,Female,42,Guwahati,Assam,East
C03263,Rahul Yadav,Male,41,Hyderabad,Telangana,South
C03264,Aditi Singh,Male,58,Delhi,Delhi,North
C03265,Diya Das,Female,53,Delhi,Delhi,North
C03266,Rahul Das,Female,38,Bengaluru,Karnataka,South
C03267,Meera Singh,Male,56,Guwahati,Assam,East
C03268,Arjun Gupta,Male,65,Guwahati,Assam,East
C03269,Kabir Mehta,Female,33,Hyderabad,Telangana,South
C03270,Neha Yadav,Male,37,Pune,Maharashtra,West
C03271,Ishaan Patel,Female,19,Chennai,Tamil Nadu,South
C03272,Neha Verma,Female,47,Delhi,Delhi,North
C03273,Karan Kumar,Female,53,Bengaluru,Karnataka,South
C03274,Saanvi Joshi,Female,24,Bengaluru,Karnataka,South
C03275,Karan Gupta,Male,63,Chennai,Tamil Nadu,South
C03276,Karan Gupta,Male,55,Guwahati,Assam,East
C03277,Diya Sharma,Male,21,Bengaluru,Karnataka,South
C03278,Meera Joshi,Female,27,Kolkata,West Bengal,East
C03279,Sneha Mehta,Male,58,Kolkata,West Bengal,East
C03280,Diya Roy,Male,38,Pune,Maharashtra,West
C03281,Vivaan Kumar,Female,38,Guwahati,Assam,East
C03282,Riya Sharma,Male,64,Guwahati,Assam,East
C03283,Aditi Verma,Male,26,Bengaluru,Karnataka,South
C03284,Arjun Mehta,Male,63,Bengaluru,Karnataka,South
C03285,Aditya Das,Female,39,Hyderabad,Telangana,South
C03286,Neha Das,Male,49,Mumbai,Maharashtra,West
C03287,Meera Sharma,Female,59,Pune,Maharashtra,West
C03288,Aryan Mehta,Male,31,Pune,Maharashtra,West
C03289,Vihaan Verma,Female,32,Jaipur,Rajasthan,North
C03290,Vivaan Kumar,Male,21,Hyderabad,Telangana,South
C03291,Aditi Sharma,Male,32,Hyderabad,Telangana,South
C03292,Aryan Patel,Female,38,Hyderabad,Telangana,South
C03293,Sneha Sharma,Female,49,Pune,Maharashtra,West
C03294,Neha Mehta,Male,20,Delhi,Delhi,North
C03295,Riya Sharma,Male,32,Hyderabad,Telangana,South
C03296,Aditi Sharma,Female,62,Guwahati,Assam,East
C03297,Riya Das,Male,43,Mumbai,Maharashtra,West
C03298,Aryan Mehta,Male,58,Hyderabad,Telangana,South
C03299,Ananya Gupta,Female,50,Guwahati,Assam,East
C03300,Vihaan Singh,Female,39,Pune,Maharashtra,West
C03301,Diya Gupta,Female,25,Hyderabad,Telangana,South
C03302,Karan Sharma,Female,56,Chennai,Tamil Nadu,South
C03303,Sneha Singh,Male,25,Lucknow,Uttar Pradesh,North
C03304,Sneha Verma,Male,30,Delhi,Delhi,North
C03305,Ananya Yadav,Male,55,Guwahati,Assam,East
C03306,Priya Joshi,Male,59,Chennai,Tamil Nadu,South
C03307,Riya Gupta,Male,50,Hyderabad,Telangana,South
C03308,Ananya Sharma,Male,29,Delhi,Delhi,North
C03309,Ishaan Joshi,Female,64,Kolkata,West Bengal,East
C03310,Karan Roy,Male,49,Kolkata,West Bengal,East
C03311,Meera Nair,Female,60,Jaipur,Rajasthan,North
C03312,Aditya Nair,Male,18,Hyderabad,Telangana,South
C03313,Saanvi Sharma,Male,35,Delhi,Delhi,North
C03314,Ananya Joshi,Female,64,Delhi,Delhi,North
C03315,Vihaan Verma,Male,41,Guwahati,Assam,East
C03316,Ishaan Roy,Female,22,Hyderabad,Telangana,South
C03317,Neha Kumar,Male,37,Chennai,Tamil Nadu,South
C03318,Arjun Gupta,Male,34,Delhi,Delhi,North
C03319,Ishaan Verma,Male,48,Jaipur,Rajasthan,North
C03320,Aarav Verma,Male,64,Bengaluru,Karnataka,South
C03321,Karan Nair,Female,35,Hyderabad,Telangana,South
C03322,Riya Joshi,Male,64,Delhi,Delhi,North
C03323,Ishaan Verma,Female,61,Bengaluru,Karnataka,South
C03324,Aarav Sharma,Female,45,Pune,Maharashtra,West
C03325,Neha Patel,Male,54,Jaipur,Rajasthan,North
C03326,Aditya Gupta,Female,64,Delhi,Delhi,North
C03327,Ishaan Gupta,Male,60,Jaipur,Rajasthan,North
C03328,Ishaan Singh,Female,18,Chennai,Tamil Nadu,South
C03329,Riya Roy,Female,32,Delhi,Delhi,North
C03330,Ananya Das,Male,56,Delhi,Delhi,North
C03331,Karan Joshi,Male,41,Kolkata,West Bengal,East
C03332,Meera Mehta,Male,38,Kolkata,West Bengal,East
C03333,Neha Patel,Female,41,Kolkata,West Bengal,East
C03334,Priya Gupta,Male,61,Jaipur,Rajasthan,North
C03335,Meera Roy,Female,45,Jaipur,Rajasthan,North
C03336,Saanvi Gupta,Male,39,Mumbai,Maharashtra,West
C03337,Karan Joshi,Male,20,Kolkata,West Bengal,East
C03338,Kabir Kumar,Male,56,Kolkata,West Bengal,East
C03339,Meera Kumar,Male,54,Kolkata,West Bengal,East
C03340,Ishaan Yadav,Female,23,Bengaluru,Karnataka,South
C03341,Arjun Mehta,Male,51,Pune,Maharashtra,West
C03342,Riya Sharma,Female,53,Mumbai,Maharashtra,West
C03343,Rohan Kumar,Female,49,Bengaluru,Karnataka,South
C03344,Diya Yadav,Female,53,Mumbai,Maharashtra,West
C03345,Kabir Kumar,Female,32,Pune,Maharashtra,West
C03346,Priya Yadav,Female,62,Guwahati,Assam,East
C03347,Rohan Kumar,Female,27,Mumbai,Maharashtra,West
C03348,Aarav Mehta,Male,49,Hyderabad,Telangana,South
C03349,Aditya Yadav,Female,33,Bengaluru,Karnataka,South
C03350,Ananya Singh,Male,30,Pune,Maharashtra,West
C03351,Aarav Sharma,Female,25,Delhi,Delhi,North
C03352,Vihaan Kumar,Male,22,Hyderabad,Telangana,South
C03353,Karan Verma,Female,40,Chennai,Tamil Nadu,South
C03354,Aarav Yadav,Female,39,Pune,Maharashtra,West
C03355,Priya Singh,Female,45,Pune,Maharashtra,West
C03356,Riya Joshi,Male,61,Guwahati,Assam,East
C03357,Vivaan Joshi,Female,40,Jaipur,Rajasthan,North
C03358,Rahul Yadav,Female,42,Delhi,Delhi,North
C03359,Arjun Roy,Female,61,Lucknow,Uttar Pradesh,North
C03360,Aarav Roy,Male,49,Jaipur,Rajasthan,North
C03361,Aditi Gupta,Male,23,Mumbai,Maharashtra,West
C03362,Arjun Joshi,Female,65,Hyderabad,Telangana,South
C03363,Rohan Nair,Female,20,Kolkata,West Bengal,East
C03364,Ananya Mehta,Female,31,Kolkata,West Bengal,East
C03365,Neha Verma,Male,61,Guwahati,Assam,East
C03366,Riya Kumar,Male,50,Bengaluru,Karnataka,South
C03367,Aditya Mehta,Male,47,Jaipur,Rajasthan,North
C03368,Riya Roy,Male,34,Chennai,Tamil Nadu,South
C03369,Arjun Yadav,Female,29,Guwahati,Assam,East
C03370,Ananya Patel,Male,36,Jaipur,Rajasthan,North
C03371,Diya Roy,Male,61,Guwahati,Assam,East
C03372,Aditya Singh,Female,49,Bengaluru,Karnataka,South
C03373,Aarav Roy,Male,42,Hyderabad,Telangana,South
C03374,Ananya Patel,Male,39,Delhi,Delhi,North
C03375,Aditi Singh,Female,62,Guwahati,Assam,East
C03376,Arjun Patel,Male,26,Mumbai,Maharashtra,West
C03377,Riya Sharma,Female,49,Guwahati,Assam,East
C03378,Neha Sharma,Female,58,Kolkata,West Bengal,East
C03379,Arjun Roy,Female,20,Lucknow,Uttar Pradesh,North
C03380,Neha Mehta,Female,22,Chennai,Tamil Nadu,South
C03381,Aditya Gupta,Female,48,Mumbai,Maharashtra,West
C03382,Kabir Singh,Male,25,Pune,Maharashtra,West
C03383,Vihaan Verma,Male,60,Delhi,Delhi,North
C03384,Karan Kumar,Female,53,Hyderabad,Telangana,South
C03385,Aditi Verma,Male,55,Chennai,Tamil Nadu,South
C03386,Arjun Mehta,Male,32,Pune,Maharashtra,West
C03387,Aryan Gupta,Male,65,Hyderabad,Telangana,South
C03388,Aarav Das,Male,50,Pune,Maharashtra,West
C03389,Arjun Mehta,Female,55,Delhi,Delhi,North
C03390,Aarav Gupta,Male,38,Lucknow,Uttar Pradesh,North
C03391,Aditi Singh,Male,60,Hyderabad,Telangana,South
C03392,Aditi Joshi,Male,24,Jaipur,Rajasthan,North
C03393,Sneha Mehta,Male,27,Bengaluru,Karnataka,South
C03394,Kabir Patel,Male,48,Bengaluru,Karnataka,South
C03395,Aditya Nair,Male,33,Lucknow,Uttar Pradesh,North
C03396,Priya Singh,Female,44,Pune,Maharashtra,West
C03397,Neha Sharma,Female,43,Delhi,Delhi,North
C03398,Ishaan Kumar,Female,43,Delhi,Delhi,North
C03399,Saanvi Singh,Male,48,Jaipur,Rajasthan,North
C03400,Kabir Roy,Male,33,Guwahati,Assam,East
C03401,Kabir Gupta,Female,22,Guwahati,Assam,East
C03402,Saanvi Sharma,Female,22,Pune,Maharashtra,West
C03403,Aditya Yadav,Male,59,Lucknow,Uttar Pradesh,North
C03404,Priya Gupta,Female,35,Delhi,Delhi,North
C03405,Diya Gupta,Female,37,Jaipur,Rajasthan,North
C03406,Kabir Joshi,Female,62,Jaipur,Rajasthan,North
C03407,Meera Kumar,Male,48,Guwahati,Assam,East
C03408,Aditya Yadav,Female,39,Kolkata,West Bengal,East
C03409,Kabir Nair,Male,34,Lucknow,Uttar Pradesh,North
C03410,Rahul Gupta,Male,38,Chennai,Tamil Nadu,South
C03411,Rohan Nair,Male,40,Kolkata,West Bengal,East
C03412,Ishaan Das,Female,35,Chennai,Tamil Nadu,South
C03413,Saanvi Roy,Male,57,Chennai,Tamil Nadu,South
C03414,Ananya Singh,Female,63,Bengaluru,Karnataka,South
C03415,Meera Das,Male,47,Lucknow,Uttar Pradesh,North
C03416,Kabir Patel,Male,64,Guwahati,Assam,East
C03417,Rohan Singh,Female,29,Chennai,Tamil Nadu,South
C03418,Priya Singh,Female,48,Jaipur,Rajasthan,North
C03419,Riya Joshi,Female,27,Chennai,Tamil Nadu,South
C03420,Saanvi Verma,Female,25,Chennai,Tamil Nadu,South
C03421,Meera Roy,Male,22,Pune,Maharashtra,West
C03422,Rahul Joshi,Female,53,Hyderabad,Telangana,South
C03423,Rahul Mehta,Female,30,Guwahati,Assam,East
C03424,Vivaan Roy,Female,56,Chennai,Tamil Nadu,South
C03425,Aditi Roy,Female,38,Mumbai,Maharashtra,West
C03426,Aryan Patel,Male,41,Mumbai,Maharashtra,West
C03427,Vivaan Verma,Female,24,Delhi,Delhi,North
C03428,Meera Gupta,Male,24,Lucknow,Uttar Pradesh,North
C03429,Ishaan Sharma,Male,18,Pune,Maharashtra,West
C03430,Diya Nair,Female,36,Mumbai,Maharashtra,West
C03431,Rohan Singh,Male,57,Pune,Maharashtra,West
C03432,Riya Gupta,Female,33,Guwahati,Assam,East
C03433,Aarav Mehta,Female,32,Bengaluru,Karnataka,South
C03434,Sneha Singh,Male,28,Bengaluru,Karnataka,South
C03435,Riya Yadav,Female,49,Mumbai,Maharashtra,West
C03436,Arjun Singh,Female,32,Mumbai,Maharashtra,West
C03437,Karan Nair,Male,29,Hyderabad,Telangana,South
C03438,Rahul Verma,Male,33,Hyderabad,Telangana,South
C03439,Neha Nair,Female,46,Chennai,Tamil Nadu,South
C03440,Rohan Verma,Male,44,Hyderabad,Telangana,South
C03441,Karan Patel,Female,57,Jaipur,Rajasthan,North
C03442,Aarav Mehta,Female,31,Pune,Maharashtra,West
C03443,Neha Mehta,Female,38,Jaipur,Rajasthan,North
C03444,Aditi Mehta,Female,46,Delhi,Delhi,North
C03445,Ishaan Das,Male,63,Guwahati,Assam,East
C03446,Saanvi Yadav,Female,28,Mumbai,Maharashtra,West
C03447,Ishaan Singh,Female,40,Pune,Maharashtra,West
C03448,Rahul Singh,Female,32,Pune,Maharashtra,West
C03449,Saanvi Joshi,Male,61,Pune,Maharashtra,West
C03450,Rohan Kumar,Male,46,Guwahati,Assam,East
C03451,Sneha Nair,Female,41,Delhi,Delhi,North
C03452,Aarav Joshi,Female,64,Pune,Maharashtra,West
C03453,Neha Verma,Female,34,Jaipur,Rajasthan,North
C03454,Rohan Gupta,Female,34,Kolkata,West Bengal,East
C03455,Vihaan Patel,Male,55,Jaipur,Rajasthan,North
C03456,Saanvi Mehta,Male,20,Lucknow,Uttar Pradesh,North
C03457,Priya Sharma,Male,23,Pune,Maharashtra,West
C03458,Aditya Nair,Male,34,Bengaluru,Karnataka,South
C03459,Kabir Gupta,Female,27,Mumbai,Maharashtra,West
C03460,Aryan Roy,Female,29,Chennai,Tamil Nadu,South
C03461,Neha Gupta,Male,51,Hyderabad,Telangana,South
C03462,Rohan Verma,Male,54,Mumbai,Maharashtra,West
C03463,Ananya Mehta,Female,45,Bengaluru,Karnataka,South
C03464,Rohan Sharma,Male,56,Bengaluru,Karnataka,South
C03465,Aditya Verma,Female,29,Mumbai,Maharashtra,West
C03466,Arjun Joshi,Female,64,Lucknow,Uttar Pradesh,North
C03467,Aryan Mehta,Male,33,Bengaluru,Karnataka,South
C03468,Diya Patel,Female,50,Delhi,Delhi,North
C03469,Kabir Mehta,Male,43,Delhi,Delhi,North
C03470,Vihaan Sharma,Female,27,Bengaluru,Karnataka,South
C03471,Rohan Nair,Female,54,Bengaluru,Karnataka,South
C03472,Karan Singh,Female,29,Chennai,Tamil Nadu,South
C03473,Rohan Patel,Male,22,Mumbai,Maharashtra,West
C03474,Aryan Sharma,Female,47,Pune,Maharashtra,West
C03475,Aditi Kumar,Female,53,Lucknow,Uttar Pradesh,North
C03476,Sneha Mehta,Female,59,Lucknow,Uttar Pradesh,North
C03477,Priya Nair,Female,34,Lucknow,Uttar Pradesh,North
C03478,Neha Patel,Female,26,Lucknow,Uttar Pradesh,North
C03479,Ishaan Verma,Female,37,Delhi,Delhi,North
C03480,Saanvi Roy,Female,42,Mumbai,Maharashtra,West
C03481,Priya Sharma,Female,49,Chennai,Tamil Nadu,South
C03482,Aarav Singh,Female,58,Hyderabad,Telangana,South
C03483,Karan Nair,Male,59,Bengaluru,Karnataka,South
C03484,Sneha Singh,Male,19,Chennai,Tamil Nadu,South
C03485,Karan Gupta,Female,43,Hyderabad,Telangana,South
C03486,Karan Das,Male,47,Jaipur,Rajasthan,North
C03487,Neha Sharma,Male,27,Bengaluru,Karnataka,South
C03488,Ananya Das,Male,40,Mumbai,Maharashtra,West
C03489,Sneha Kumar,Female,22,Jaipur,Rajasthan,North
C03490,Ananya Das,Female,20,Guwahati,Assam,East
C03491,Aditya Das,Female,30,Jaipur,Rajasthan,North
C03492,Kabir Patel,Male,24,Chennai,Tamil Nadu,South
C03493,Meera Gupta,Male,19,Bengaluru,Karnataka,South
C03494,Ishaan Kumar,Female,19,Lucknow,Uttar Pradesh,North
C03495,Sneha Das,Female,40,Jaipur,Rajasthan,North
C03496,Diya Gupta,Female,21,Guwahati,Assam,East
C03497,Riya Verma,Female,49,Lucknow,Uttar Pradesh,North
C03498,Kabir Sharma,Male,27,Pune,Maharashtra,West
C03499,Diya Kumar,Female,64,Pune,Maharashtra,West
C03500,Aryan Patel,Male,23,Chennai,Tamil Nadu,South
C03501,Sneha Gupta,Female,32,Guwahati,Assam,East
C03502,Vivaan Gupta,Male,26,Delhi,Delhi,North
C03503,Neha Nair,Male,44,Hyderabad,Telangana,South
C03504,Neha Mehta,Female,31,Bengaluru,Karnataka,South
C03505,Aditya Patel,Male,34,Delhi,Delhi,North
C03506,Aditya Singh,Female,28,Jaipur,Rajasthan,North
C03507,Arjun Verma,Female,39,Jaipur,Rajasthan,North
C03508,Priya Joshi,Female,54,Guwahati,Assam,East
C03509,Meera Yadav,Female,58,Lucknow,Uttar Pradesh,North
C03510,Kabir Patel,Female,56,Kolkata,West Bengal,East
C03511,Rohan Sharma,Female,48,Hyderabad,Telangana,South
C03512,Diya Mehta,Female,49,Chennai,Tamil Nadu,South
C03513,Vivaan Nair,Female,34,Pune,Maharashtra,West
C03514,Aryan Mehta,Male,32,Mumbai,Maharashtra,West
C03515,Karan Patel,Male,62,Hyderabad,Telangana,South
C03516,Kabir Das,Female,65,Lucknow,Uttar Pradesh,North
C03517,Neha Nair,Female,37,Pune,Maharashtra,West
C03518,Rohan Patel,Female,60,Mumbai,Maharashtra,West
C03519,Diya Sharma,Female,43,Mumbai,Maharashtra,West
C03520,Aryan Roy,Female,19,Pune,Maharashtra,West
C03521,Priya Verma,Female,33,Kolkata,West Bengal,East
C03522,Aditi Roy,Male,43,Jaipur,Rajasthan,North
C03523,Rohan Gupta,Male,57,Pune,Maharashtra,West
C03524,Diya Patel,Female,55,Bengaluru,Karnataka,South
C03525,Aditya Verma,Male,23,Pune,Maharashtra,West
C03526,Aryan Mehta,Female,49,Delhi,Delhi,North
C03527,Aryan Sharma,Male,48,Mumbai,Maharashtra,West
C03528,Vivaan Patel,Female,41,Bengaluru,Karnataka,South
C03529,Riya Verma,Male,28,Kolkata,West Bengal,East
C03530,Diya Verma,Male,55,Chennai,Tamil Nadu,South
C03531,Vivaan Nair,Male,30,Mumbai,Maharashtra,West
C03532,Sneha Joshi,Male,35,Bengaluru,Karnataka,South
C03533,Ananya Nair,Male,57,Guwahati,Assam,East
C03534,Aryan Verma,Female,56,Chennai,Tamil Nadu,South
C03535,Vihaan Kumar,Male,49,Chennai,Tamil Nadu,South
C03536,Rohan Yadav,Female,20,Guwahati,Assam,East
C03537,Diya Kumar,Male,62,Pune,Maharashtra,West
C03538,Karan Das,Female,36,Jaipur,Rajasthan,North
C03539,Neha Singh,Female,60,Pune,Maharashtra,West
C03540,Ishaan Singh,Female,27,Kolkata,West Bengal,East
C03541,Vivaan Verma,Male,55,Bengaluru,Karnataka,South
C03542,Aryan Verma,Female,26,Mumbai,Maharashtra,West
C03543,Aditya Gupta,Female,62,Bengaluru,Karnataka,South
C03544,Riya Singh,Female,45,Kolkata,West Bengal,East
C03545,Arjun Kumar,Female,63,Pune,Maharashtra,West
C03546,Aditi Kumar,Male,41,Hyderabad,Telangana,South
C03547,Sneha Singh,Female,22,Bengaluru,Karnataka,South
C03548,Vivaan Gupta,Female,29,Delhi,Delhi,North
C03549,Karan Kumar,Female,63,Jaipur,Rajasthan,North
C03550,Karan Patel,Female,65,Kolkata,West Bengal,East
C03551,Diya Nair,Male,18,Pune,Maharashtra,West
C03552,Rahul Roy,Male,49,Bengaluru,Karnataka,South
C03553,Aryan Sharma,Male,33,Kolkata,West Bengal,East
C03554,Saanvi Joshi,Female,30,Lucknow,Uttar Pradesh,North
C03555,Neha Sharma,Male,58,Bengaluru,Karnataka,South
C03556,Diya Nair,Female,39,Kolkata,West Bengal,East
C03557,Arjun Joshi,Male,31,Delhi,Delhi,North
C03558,Diya Kumar,Female,51,Bengaluru,Karnataka,South
C03559,Kabir Nair,Male,45,Pune,Maharashtra,West
C03560,Karan Yadav,Female,52,Delhi,Delhi,North
C03561,Vivaan Gupta,Female,19,Jaipur,Rajasthan,North
C03562,Riya Kumar,Male,48,Pune,Maharashtra,West
C03563,Karan Nair,Male,38,Pune,Maharashtra,West
C03564,Rohan Joshi,Female,37,Guwahati,Assam,East
C03565,Rohan Kumar,Female,43,Delhi,Delhi,North
C03566,Aarav Mehta,Male,20,Chennai,Tamil Nadu,South
C03567,Karan Singh,Female,18,Hyderabad,Telangana,South
C03568,Vivaan Verma,Female,52,Pune,Maharashtra,West
C03569,Neha Sharma,Female,56,Lucknow,Uttar Pradesh,North
C03570,Aditi Nair,Male,52,Delhi,Delhi,North
C03571,Ananya Verma,Male,42,Lucknow,Uttar Pradesh,North
C03572,Diya Patel,Male,18,Lucknow,Uttar Pradesh,North
C03573,Aditya Das,Male,48,Pune,Maharashtra,West
C03574,Arjun Patel,Female,28,Delhi,Delhi,North
C03575,Rahul Roy,Male,45,Chennai,Tamil Nadu,South
C03576,Vihaan Das,Male,36,Hyderabad,Telangana,South
C03577,Meera Yadav,Male,22,Chennai,Tamil Nadu,South
C03578,Arjun Sharma,Male,22,Bengaluru,Karnataka,South
C03579,Vihaan Verma,Female,39,Chennai,Tamil Nadu,South
C03580,Kabir Mehta,Female,50,Mumbai,Maharashtra,West
C03581,Aditi Kumar,Female,23,Mumbai,Maharashtra,West
C03582,Aditya Das,Male,42,Kolkata,West Bengal,East
C03583,Meera Gupta,Male,57,Hyderabad,Telangana,South
C03584,Aditya Patel,Male,39,Mumbai,Maharashtra,West
C03585,Kabir Yadav,Male,48,Bengaluru,Karnataka,South
C03586,Aarav Das,Female,45,Kolkata,West Bengal,East
C03587,Kabir Roy,Male,28,Mumbai,Maharashtra,West
C03588,Saanvi Kumar,Female,55,Hyderabad,Telangana,South
C03589,Rohan Kumar,Female,53,Mumbai,Maharashtra,West
C03590,Sneha Das,Female,30,Jaipur,Rajasthan,North
C03591,Vivaan Joshi,Male,18,Delhi,Delhi,North
C03592,Priya Sharma,Female,59,Guwahati,Assam,East
C03593,Neha Yadav,Male,38,Kolkata,West Bengal,East
C03594,Aditya Patel,Male,56,Jaipur,Rajasthan,North
C03595,Meera Verma,Male,48,Lucknow,Uttar Pradesh,North
C03596,Meera Mehta,Female,25,Jaipur,Rajasthan,North
C03597,Vivaan Kumar,Female,33,Guwahati,Assam,East
C03598,Meera Roy,Female,20,Chennai,Tamil Nadu,South
C03599,Vivaan Gupta,Male,62,Mumbai,Maharashtra,West
C03600,Sneha Patel,Female,39,Chennai,Tamil Nadu,South
C03601,Aditya Mehta,Female,22,Pune,Maharashtra,West
C03602,Ananya Yadav,Female,44,Jaipur,Rajasthan,North
C03603,Aarav Gupta,Female,29,Delhi,Delhi,North
C03604,Aryan Mehta,Male,41,Mumbai,Maharashtra,West
C03605,Arjun Gupta,Female,38,Mumbai,Maharashtra,West
C03606,Vihaan Nair,Male,55,Mumbai,Maharashtra,West
C03607,Rohan Sharma,Female,37,Mumbai,Maharashtra,West
C03608,Meera Verma,Female,53,Lucknow,Uttar Pradesh,North
C03609,Arjun Roy,Male,37,Chennai,Tamil Nadu,South
C03610,Aditya Kumar,Female,35,Pune,Maharashtra,West
C03611,Aryan Verma,Male,55,Delhi,Delhi,North
C03612,Arjun Joshi,Male,48,Delhi,Delhi,North
C03613,Sneha Mehta,Male,34,Kolkata,West Bengal,East
C03614,Riya Mehta,Male,23,Bengaluru,Karnataka,South
C03615,Vihaan Patel,Male,58,Kolkata,West Bengal,East
C03616,Aditi Singh,Male,28,Delhi,Delhi,North
C03617,Rohan Roy,Male,61,Lucknow,Uttar Pradesh,North
C03618,Rahul Nair,Male,49,Lucknow,Uttar Pradesh,North
C03619,Rohan Sharma,Female,31,Lucknow,Uttar Pradesh,North
C03620,Sneha Singh,Female,40,Guwahati,Assam,East
C03621,Sneha Nair,Female,55,Bengaluru,Karnataka,South
C03622,Rahul Singh,Male,63,Chennai,Tamil Nadu,South
C03623,Rahul Kumar,Female,18,Pune,Maharashtra,West
C03624,Sneha Nair,Male,65,Mumbai,Maharashtra,West
C03625,Aryan Nair,Male,59,Chennai,Tamil Nadu,South
C03626,Arjun Kumar,Male,26,Guwahati,Assam,East
C03627,Rohan Singh,Male,64,Delhi,Delhi,North
C03628,Sneha Patel,Male,35,Mumbai,Maharashtra,West
C03629,Riya Sharma,Male,63,Mumbai,Maharashtra,West
C03630,Aarav Roy,Male,39,Mumbai,Maharashtra,West
C03631,Karan Patel,Male,64,Hyderabad,Telangana,South
C03632,Priya Das,Female,42,Mumbai,Maharashtra,West
C03633,Rahul Joshi,Male,58,Lucknow,Uttar Pradesh,North
C03634,Ishaan Roy,Female,30,Bengaluru,Karnataka,South
C03635,Aditi Joshi,Female,45,Hyderabad,Telangana,South
C03636,Rahul Sharma,Female,47,Delhi,Delhi,North
C03637,Vivaan Sharma,Female,51,Bengaluru,Karnataka,South
C03638,Ishaan Roy,Male,36,Chennai,Tamil Nadu,South
C03639,Ananya Gupta,Male,45,Bengaluru,Karnataka,South
C03640,Aditi Mehta,Male,55,Delhi,Delhi,North
C03641,Priya Gupta,Male,46,Jaipur,Rajasthan,North
C03642,Rahul Joshi,Female,35,Hyderabad,Telangana,South
C03643,Aditi Singh,Female,26,Bengaluru,Karnataka,South
C03644,Rohan Kumar,Female,42,Delhi,Delhi,North
C03645,Meera Mehta,Male,25,Hyderabad,Telangana,South
C03646,Priya Mehta,Female,62,Chennai,Tamil Nadu,South
C03647,Rahul Kumar,Female,65,Mumbai,Maharashtra,West
C03648,Aarav Verma,Male,33,Pune,Maharashtra,West
C03649,Rahul Singh,Male,58,Chennai,Tamil Nadu,South
C03650,Kabir Sharma,Male,19,Jaipur,Rajasthan,North
C03651,Meera Roy,Female,18,Kolkata,West Bengal,East
C03652,Ishaan Patel,Male,64,Jaipur,Rajasthan,North
C03653,Neha Gupta,Female,55,Chennai,Tamil Nadu,South
C03654,Sneha Kumar,Female,24,Hyderabad,Telangana,South
C03655,Aditi Nair,Male,33,Pune,Maharashtra,West
C03656,Vivaan Das,Female,48,Kolkata,West Bengal,East
C03657,Meera Das,Female,32,Hyderabad,Telangana,South
C03658,Meera Sharma,Male,24,Pune,Maharashtra,West
C03659,Aryan Singh,Female,20,Guwahati,Assam,East
C03660,Karan Roy,Male,24,Hyderabad,Telangana,South
C03661,Karan Yadav,Male,32,Lucknow,Uttar Pradesh,North
C03662,Ishaan Das,Male,20,Hyderabad,Telangana,South
C03663,Aarav Nair,Female,25,Chennai,Tamil Nadu,South
C03664,Riya Joshi,Male,23,Chennai,Tamil Nadu,South
C03665,Rohan Nair,Male,23,Kolkata,West Bengal,East
C03666,Saanvi Mehta,Male,20,Chennai,Tamil Nadu,South
C03667,Rahul Mehta,Male,60,Jaipur,Rajasthan,North
C03668,Aditi Singh,Female,39,Delhi,Delhi,North
C03669,Aditya Mehta,Male,54,Mumbai,Maharashtra,West
C03670,Aarav Roy,Female,40,Chennai,Tamil Nadu,South
C03671,Meera Yadav,Male,19,Jaipur,Rajasthan,North
C03672,Riya Sharma,Female,30,Mumbai,Maharashtra,West
C03673,Vihaan Singh,Male,64,Bengaluru,Karnataka,South
C03674,Ishaan Singh,Male,26,Bengaluru,Karnataka,South
C03675,Karan Sharma,Female,32,Chennai,Tamil Nadu,South
C03676,Aryan Sharma,Male,64,Guwahati,Assam,East
C03677,Priya Kumar,Female,61,Hyderabad,Telangana,South
C03678,Aryan Yadav,Male,28,Pune,Maharashtra,West
C03679,Sneha Sharma,Male,41,Jaipur,Rajasthan,North
C03680,Meera Patel,Female,24,Delhi,Delhi,North
C03681,Vihaan Singh,Male,27,Mumbai,Maharashtra,West
C03682,Arjun Roy,Male,62,Pune,Maharashtra,West
C03683,Rahul Yadav,Female,46,Bengaluru,Karnataka,South
C03684,Saanvi Mehta,Male,46,Bengaluru,Karnataka,South
C03685,Vihaan Nair,Female,35,Pune,Maharashtra,West
C03686,Rahul Nair,Male,64,Kolkata,West Bengal,East
C03687,Ishaan Roy,Female,42,Delhi,Delhi,North
C03688,Karan Verma,Male,62,Lucknow,Uttar Pradesh,North
C03689,Vivaan Singh,Male,53,Bengaluru,Karnataka,South
C03690,Sneha Kumar,Male,21,Jaipur,Rajasthan,North
C03691,Vihaan Mehta,Male,26,Lucknow,Uttar Pradesh,North
C03692,Vivaan Mehta,Male,33,Hyderabad,Telangana,South
C03693,Meera Verma,Female,51,Lucknow,Uttar Pradesh,North
C03694,Aditya Gupta,Female,39,Lucknow,Uttar Pradesh,North
C03695,Aryan Patel,Male,45,Lucknow,Uttar Pradesh,North
C03696,Ishaan Patel,Male,62,Jaipur,Rajasthan,North
C03697,Kabir Patel,Female,22,Mumbai,Maharashtra,West
C03698,Meera Verma,Female,47,Pune,Maharashtra,West
C03699,Rahul Das,Male,20,Bengaluru,Karnataka,South
C03700,Aarav Kumar,Male,64,Delhi,Delhi,North
C03701,Aditya Das,Male,65,Delhi,Delhi,North
C03702,Aditya Verma,Male,48,Guwahati,Assam,East
C03703,Karan Mehta,Female,21,Mumbai,Maharashtra,West
C03704,Aarav Yadav,Male,40,Guwahati,Assam,East
C03705,Sneha Kumar,Male,50,Kolkata,West Bengal,East
C03706,Ananya Gupta,Male,23,Chennai,Tamil Nadu,South
C03707,Aryan Nair,Female,36,Lucknow,Uttar Pradesh,North
C03708,Kabir Verma,Male,29,Jaipur,Rajasthan,North
C03709,Kabir Nair,Male,38,Chennai,Tamil Nadu,South
C03710,Aditi Sharma,Female,47,Pune,Maharashtra,West
C03711,Vivaan Nair,Male,18,Delhi,Delhi,North
C03712,Rohan Roy,Female,58,Chennai,Tamil Nadu,South
C03713,Aditya Das,Female,51,Kolkata,West Bengal,East
C03714,Sneha Roy,Male,33,Bengaluru,Karnataka,South
C03715,Aryan Gupta,Male,38,Pune,Maharashtra,West
C03716,Vivaan Das,Female,28,Kolkata,West Bengal,East
C03717,Sneha Yadav,Male,53,Guwahati,Assam,East
C03718,Aditi Sharma,Female,31,Delhi,Delhi,North
C03719,Neha Nair,Female,57,Hyderabad,Telangana,South
C03720,Aarav Nair,Male,26,Kolkata,West Bengal,East
C03721,Vivaan Gupta,Male,25,Mumbai,Maharashtra,West
C03722,Rahul Mehta,Male,53,Pune,Maharashtra,West
C03723,Aarav Gupta,Female,59,Lucknow,Uttar Pradesh,North
C03724,Meera Joshi,Female,33,Bengaluru,Karnataka,South
C03725,Ishaan Roy,Male,51,Lucknow,Uttar Pradesh,North
C03726,Sneha Gupta,Male,27,Mumbai,Maharashtra,West
C03727,Aryan Yadav,Female,57,Mumbai,Maharashtra,West
C03728,Vihaan Mehta,Female,44,Chennai,Tamil Nadu,South
C03729,Vihaan Sharma,Male,44,Chennai,Tamil Nadu,South
C03730,Priya Yadav,Female,31,Bengaluru,Karnataka,South
C03731,Ananya Gupta,Male,47,Mumbai,Maharashtra,West
C03732,Sneha Gupta,Female,28,Delhi,Delhi,North
C03733,Priya Gupta,Male,29,Kolkata,West Bengal,East
C03734,Rohan Yadav,Female,39,Pune,Maharashtra,West
C03735,Vihaan Gupta,Male,64,Lucknow,Uttar Pradesh,North
C03736,Aditya Joshi,Female,37,Delhi,Delhi,North
C03737,Rahul Gupta,Male,32,Pune,Maharashtra,West
C03738,Priya Singh,Male,35,Mumbai,Maharashtra,West
C03739,Aryan Joshi,Male,61,Kolkata,West Bengal,East
C03740,Vivaan Gupta,Male,36,Kolkata,West Bengal,East
C03741,Ishaan Singh,Male,40,Hyderabad,Telangana,South
C03742,Kabir Gupta,Female,63,Hyderabad,Telangana,South
C03743,Sneha Yadav,Male,27,Mumbai,Maharashtra,West
C03744,Aditya Verma,Female,51,Mumbai,Maharashtra,West
C03745,Arjun Mehta,Male,56,Jaipur,Rajasthan,North
C03746,Rohan Nair,Male,58,Hyderabad,Telangana,South
C03747,Aditi Singh,Male,43,Hyderabad,Telangana,South
C03748,Rohan Sharma,Female,20,Kolkata,West Bengal,East
C03749,Aditya Nair,Female,38,Mumbai,Maharashtra,West
C03750,Arjun Joshi,Female,53,Pune,Maharashtra,West
C03751,Aarav Sharma,Male,31,Lucknow,Uttar Pradesh,North
C03752,Aarav Nair,Male,39,Delhi,Delhi,North
C03753,Arjun Mehta,Male,56,Pune,Maharashtra,West
C03754,Aarav Singh,Female,39,Lucknow,Uttar Pradesh,North
C03755,Aditi Gupta,Female,56,Jaipur,Rajasthan,North
C03756,Neha Sharma,Male,43,Mumbai,Maharashtra,West
C03757,Saanvi Das,Male,21,Kolkata,West Bengal,East
C03758,Ananya Nair,Male,25,Mumbai,Maharashtra,West
C03759,Riya Gupta,Male,52,Lucknow,Uttar Pradesh,North
C03760,Rohan Singh,Female,51,Chennai,Tamil Nadu,South
C03761,Diya Sharma,Male,44,Jaipur,Rajasthan,North
C03762,Vihaan Yadav,Male,31,Hyderabad,Telangana,South
C03763,Saanvi Mehta,Male,22,Guwahati,Assam,East
C03764,Karan Gupta,Female,39,Hyderabad,Telangana,South
C03765,Aditya Verma,Female,20,Pune,Maharashtra,West
C03766,Aryan Mehta,Female,65,Chennai,Tamil Nadu,South
C03767,Priya Kumar,Male,39,Delhi,Delhi,North
C03768,Aditi Roy,Female,45,Hyderabad,Telangana,South
C03769,Kabir Yadav,Male,25,Delhi,Delhi,North
C03770,Neha Sharma,Male,30,Bengaluru,Karnataka,South
C03771,Kabir Singh,Female,42,Delhi,Delhi,North
C03772,Saanvi Verma,Male,42,Pune,Maharashtra,West
C03773,Karan Verma,Female,65,Bengaluru,Karnataka,South
C03774,Arjun Patel,Male,34,Hyderabad,Telangana,South
C03775,Priya Sharma,Female,50,Kolkata,West Bengal,East
C03776,Vihaan Roy,Male,49,Lucknow,Uttar Pradesh,North
C03777,Neha Mehta,Male,57,Jaipur,Rajasthan,North
C03778,Kabir Gupta,Female,65,Hyderabad,Telangana,South
C03779,Arjun Singh,Female,53,Delhi,Delhi,North
C03780,Kabir Joshi,Male,39,Delhi,Delhi,North
C03781,Rohan Joshi,Male,44,Chennai,Tamil Nadu,South
C03782,Ishaan Singh,Female,57,Delhi,Delhi,North
C03783,Vivaan Verma,Female,46,Mumbai,Maharashtra,West
C03784,Saanvi Sharma,Female,54,Delhi,Delhi,North
C03785,Aditya Gupta,Female,54,Guwahati,Assam,East
C03786,Aarav Yadav,Female,34,Bengaluru,Karnataka,South
C03787,Vihaan Roy,Female,57,Guwahati,Assam,East
C03788,Sneha Kumar,Female,53,Guwahati,Assam,East
C03789,Saanvi Yadav,Female,23,Guwahati,Assam,East
C03790,Ananya Patel,Female,55,Lucknow,Uttar Pradesh,North
C03791,Riya Singh,Male,39,Pune,Maharashtra,West
C03792,Arjun Gupta,Male,50,Guwahati,Assam,East
C03793,Riya Nair,Male,29,Chennai,Tamil Nadu,South
C03794,Arjun Patel,Male,36,Hyderabad,Telangana,South
C03795,Neha Roy,Male,44,Bengaluru,Karnataka,South
C03796,Aarav Mehta,Female,27,Guwahati,Assam,East
C03797,Arjun Joshi,Female,19,Pune,Maharashtra,West
C03798,Vihaan Yadav,Male,37,Jaipur,Rajasthan,North
C03799,Rohan Mehta,Male,38,Lucknow,Uttar Pradesh,North
C03800,Priya Kumar,Male,51,Guwahati,Assam,East
C03801,Meera Sharma,Female,18,Bengaluru,Karnataka,South
C03802,Neha Kumar,Male,27,Kolkata,West Bengal,East
C03803,Saanvi Roy,Female,19,Guwahati,Assam,East
C03804,Aryan Roy,Female,52,Lucknow,Uttar Pradesh,North
C03805,Neha Kumar,Female,23,Bengaluru,Karnataka,South
C03806,Sneha Nair,Female,40,Lucknow,Uttar Pradesh,North
C03807,Aditya Singh,Male,53,Pune,Maharashtra,West
C03808,Neha Verma,Male,30,Jaipur,Rajasthan,North
C03809,Diya Nair,Female,25,Lucknow,Uttar Pradesh,North
C03810,Ishaan Gupta,Female,52,Chennai,Tamil Nadu,South
C03811,Rohan Nair,Female,50,Bengaluru,Karnataka,South
C03812,Vivaan Sharma,Male,48,Chennai,Tamil Nadu,South
C03813,Aarav Sharma,Female,56,Hyderabad,Telangana,South
C03814,Sneha Verma,Male,25,Pune,Maharashtra,West
C03815,Kabir Singh,Male,23,Pune,Maharashtra,West
C03816,Saanvi Das,Male,21,Hyderabad,Telangana,South
C03817,Sneha Mehta,Male,57,Mumbai,Maharashtra,West
C03818,Aditya Gupta,Male,65,Chennai,Tamil Nadu,South
C03819,Vivaan Joshi,Female,29,Kolkata,West Bengal,East
C03820,Ishaan Nair,Female,59,Lucknow,Uttar Pradesh,North
C03821,Aryan Sharma,Female,32,Pune,Maharashtra,West
C03822,Rahul Sharma,Female,46,Chennai,Tamil Nadu,South
C03823,Saanvi Gupta,Female,28,Jaipur,Rajasthan,North
C03824,Karan Patel,Female,44,Delhi,Delhi,North
C03825,Saanvi Patel,Female,19,Bengaluru,Karnataka,South
C03826,Aditya Yadav,Female,64,Lucknow,Uttar Pradesh,North
C03827,Sneha Sharma,Male,54,Jaipur,Rajasthan,North
C03828,Aditya Gupta,Male,43,Guwahati,Assam,East
C03829,Meera Gupta,Male,30,Lucknow,Uttar Pradesh,North
C03830,Ishaan Joshi,Male,23,Hyderabad,Telangana,South
C03831,Diya Das,Male,30,Bengaluru,Karnataka,South
C03832,Sneha Verma,Female,52,Kolkata,West Bengal,East
C03833,Karan Sharma,Male,28,Mumbai,Maharashtra,West
C03834,Aditya Nair,Male,18,Mumbai,Maharashtra,West
C03835,Arjun Singh,Female,33,Pune,Maharashtra,West
C03836,Diya Patel,Female,49,Lucknow,Uttar Pradesh,North
C03837,Riya Das,Female,25,Lucknow,Uttar Pradesh,North
C03838,Ishaan Joshi,Male,60,Hyderabad,Telangana,South
C03839,Ananya Gupta,Female,55,Lucknow,Uttar Pradesh,North
C03840,Vihaan Nair,Female,21,Delhi,Delhi,North
C03841,Sneha Gupta,Male,24,Bengaluru,Karnataka,South
C03842,Rahul Gupta,Male,33,Pune,Maharashtra,West
C03843,Ishaan Kumar,Female,24,Jaipur,Rajasthan,North
C03844,Aditi Mehta,Male,27,Pune,Maharashtra,West
C03845,Aditi Kumar,Male,29,Jaipur,Rajasthan,North
C03846,Aarav Patel,Male,49,Mumbai,Maharashtra,West
C03847,Meera Patel,Male,58,Guwahati,Assam,East
C03848,Rahul Mehta,Female,28,Hyderabad,Telangana,South
C03849,Meera Das,Female,64,Guwahati,Assam,East
C03850,Karan Singh,Female,32,Guwahati,Assam,East
C03851,Rohan Verma,Male,52,Lucknow,Uttar Pradesh,North
C03852,Neha Sharma,Female,32,Kolkata,West Bengal,East
C03853,Karan Yadav,Male,49,Guwahati,Assam,East
C03854,Meera Yadav,Female,43,Guwahati,Assam,East
C03855,Karan Joshi,Male,43,Mumbai,Maharashtra,West
C03856,Rohan Roy,Male,18,Jaipur,Rajasthan,North
C03857,Aarav Roy,Male,23,Kolkata,West Bengal,East
C03858,Vihaan Singh,Female,38,Bengaluru,Karnataka,South
C03859,Aditya Roy,Female,18,Bengaluru,Karnataka,South
C03860,Meera Joshi,Male,61,Kolkata,West Bengal,East
C03861,Sneha Nair,Male,64,Chennai,Tamil Nadu,South
C03862,Kabir Kumar,Male,22,Mumbai,Maharashtra,West
C03863,Aryan Das,Female,47,Guwahati,Assam,East
C03864,Vivaan Mehta,Female,33,Guwahati,Assam,East
C03865,Saanvi Nair,Female,52,Pune,Maharashtra,West
C03866,Vihaan Patel,Male,39,Delhi,Delhi,North
C03867,Saanvi Yadav,Male,60,Delhi,Delhi,North
C03868,Neha Yadav,Female,50,Lucknow,Uttar Pradesh,North
C03869,Aryan Gupta,Female,65,Chennai,Tamil Nadu,South
C03870,Kabir Mehta,Male,59,Guwahati,Assam,East
C03871,Ananya Das,Female,58,Mumbai,Maharashtra,West
C03872,Kabir Joshi,Male,62,Lucknow,Uttar Pradesh,North
C03873,Aditya Das,Male,33,Jaipur,Rajasthan,North
C03874,Sneha Joshi,Female,48,Lucknow,Uttar Pradesh,North
C03875,Meera Kumar,Male,19,Hyderabad,Telangana,South
C03876,Karan Gupta,Female,22,Guwahati,Assam,East
C03877,Aditya Yadav,Female,49,Guwahati,Assam,East
C03878,Meera Joshi,Female,52,Guwahati,Assam,East
C03879,Saanvi Nair,Female,50,Bengaluru,Karnataka,South
C03880,Aryan Patel,Female,51,Jaipur,Rajasthan,North
C03881,Ishaan Joshi,Male,59,Guwahati,Assam,East
C03882,Diya Kumar,Male,43,Lucknow,Uttar Pradesh,North
C03883,Rohan Das,Male,62,Bengaluru,Karnataka,South
C03884,Aarav Kumar,Female,42,Chennai,Tamil Nadu,South
C03885,Saanvi Das,Female,54,Pune,Maharashtra,West
C03886,Aarav Kumar,Male,28,Delhi,Delhi,North
C03887,Meera Patel,Female,41,Chennai,Tamil Nadu,South
C03888,Rahul Patel,Female,47,Chennai,Tamil Nadu,South
C03889,Sneha Singh,Male,40,Guwahati,Assam,East
C03890,Ananya Patel,Male,58,Guwahati,Assam,East
C03891,Meera Yadav,Female,43,Bengaluru,Karnataka,South
C03892,Ishaan Mehta,Male,39,Hyderabad,Telangana,South
C03893,Vihaan Gupta,Male,61,Pune,Maharashtra,West
C03894,Vihaan Mehta,Female,64,Kolkata,West Bengal,East
C03895,Vihaan Das,Female,28,Jaipur,Rajasthan,North
C03896,Vihaan Roy,Male,62,Guwahati,Assam,East
C03897,Diya Mehta,Female,24,Hyderabad,Telangana,South
C03898,Kabir Verma,Female,41,Hyderabad,Telangana,South
C03899,Aarav Kumar,Female,51,Kolkata,West Bengal,East
C03900,Sneha Mehta,Female,19,Chennai,Tamil Nadu,South
C03901,Diya Joshi,Female,34,Guwahati,Assam,East
C03902,Aarav Singh,Female,58,Hyderabad,Telangana,South
C03903,Arjun Kumar,Male,25,Guwahati,Assam,East
C03904,Saanvi Joshi,Male,21,Jaipur,Rajasthan,North
C03905,Kabir Yadav,Female,55,Hyderabad,Telangana,South
C03906,Rahul Sharma,Male,41,Hyderabad,Telangana,South
C03907,Sneha Gupta,Male,38,Hyderabad,Telangana,South
C03908,Karan Verma,Female,38,Chennai,Tamil Nadu,South
C03909,Arjun Singh,Male,41,Hyderabad,Telangana,South
C03910,Ishaan Roy,Female,64,Guwahati,Assam,East
C03911,Arjun Singh,Female,46,Lucknow,Uttar Pradesh,North
C03912,Vivaan Sharma,Female,27,Kolkata,West Bengal,East
C03913,Ananya Verma,Male,40,Mumbai,Maharashtra,West
C03914,Karan Roy,Male,62,Bengaluru,Karnataka,South
C03915,Kabir Joshi,Male,56,Guwahati,Assam,East
C03916,Aditi Sharma,Female,41,Bengaluru,Karnataka,South
C03917,Rohan Mehta,Female,43,Bengaluru,Karnataka,South
C03918,Aryan Das,Female,44,Bengaluru,Karnataka,South
C03919,Diya Nair,Female,46,Delhi,Delhi,North
C03920,Karan Gupta,Female,28,Lucknow,Uttar Pradesh,North
C03921,Aditi Yadav,Female,50,Bengaluru,Karnataka,South
C03922,Rahul Mehta,Female,64,Kolkata,West Bengal,East
C03923,Neha Das,Female,63,Guwahati,Assam,East
C03924,Ananya Patel,Male,37,Guwahati,Assam,East
C03925,Arjun Verma,Female,39,Guwahati,Assam,East
C03926,Aryan Sharma,Male,20,Delhi,Delhi,North
C03927,Ananya Das,Male,55,Bengaluru,Karnataka,South
C03928,Aditya Singh,Male,59,Hyderabad,Telangana,South
C03929,Diya Das,Male,31,Mumbai,Maharashtra,West
C03930,Diya Das,Female,20,Delhi,Delhi,North
C03931,Ishaan Kumar,Female,53,Lucknow,Uttar Pradesh,North
C03932,Arjun Gupta,Female,36,Bengaluru,Karnataka,South
C03933,Kabir Nair,Female,42,Lucknow,Uttar Pradesh,North
C03934,Saanvi Yadav,Female,27,Guwahati,Assam,East
C03935,Rohan Roy,Female,58,Jaipur,Rajasthan,North
C03936,Ananya Kumar,Female,27,Jaipur,Rajasthan,North
C03937,Aryan Das,Male,41,Delhi,Delhi,North
C03938,Ishaan Verma,Male,29,Chennai,Tamil Nadu,South
C03939,Arjun Yadav,Male,30,Lucknow,Uttar Pradesh,North
C03940,Aryan Singh,Male,59,Mumbai,Maharashtra,West
C03941,Ananya Nair,Male,21,Delhi,Delhi,North
C03942,Aarav Verma,Male,44,Pune,Maharashtra,West
C03943,Aditi Patel,Male,63,Chennai,Tamil Nadu,South
C03944,Karan Das,Male,52,Lucknow,Uttar Pradesh,North
C03945,Aditi Roy,Male,60,Bengaluru,Karnataka,South
C03946,Vihaan Patel,Female,48,Jaipur,Rajasthan,North
C03947,Diya Gupta,Female,53,Jaipur,Rajasthan,North
C03948,Aditi Patel,Female,27,Chennai,Tamil Nadu,South
C03949,Vivaan Das,Male,57,Guwahati,Assam,East
C03950,Kabir Kumar,Female,42,Mumbai,Maharashtra,West
C03951,Rohan Yadav,Male,43,Lucknow,Uttar Pradesh,North
C03952,Meera Patel,Female,25,Delhi,Delhi,North
C03953,Vihaan Verma,Female,61,Jaipur,Rajasthan,North
C03954,Ishaan Joshi,Male,54,Hyderabad,Telangana,South
C03955,Vihaan Sharma,Female,29,Guwahati,Assam,East
C03956,Aryan Nair,Male,65,Bengaluru,Karnataka,South
C03957,Vihaan Verma,Female,38,Pune,Maharashtra,West
C03958,Aditya Kumar,Female,33,Guwahati,Assam,East
C03959,Meera Patel,Male,28,Lucknow,Uttar Pradesh,North
C03960,Priya Yadav,Male,54,Kolkata,West Bengal,East
C03961,Ishaan Das,Female,35,Lucknow,Uttar Pradesh,North
C03962,Arjun Joshi,Female,65,Pune,Maharashtra,West
C03963,Rohan Patel,Female,36,Jaipur,Rajasthan,North
C03964,Aarav Nair,Female,34,Hyderabad,Telangana,South
C03965,Riya Joshi,Male,29,Chennai,Tamil Nadu,South
C03966,Saanvi Nair,Female,18,Jaipur,Rajasthan,North
C03967,Riya Patel,Female,22,Bengaluru,Karnataka,South
C03968,Vivaan Das,Male,60,Bengaluru,Karnataka,South
C03969,Karan Mehta,Female,64,Guwahati,Assam,East
C03970,Ishaan Joshi,Female,26,Mumbai,Maharashtra,West
C03971,Meera Mehta,Male,26,Guwahati,Assam,East
C03972,Aarav Kumar,Male,26,Bengaluru,Karnataka,South
C03973,Sneha Yadav,Male,53,Kolkata,West Bengal,East
C03974,Vihaan Sharma,Male,34,Hyderabad,Telangana,South
C03975,Aditi Nair,Female,51,Lucknow,Uttar Pradesh,North
C03976,Kabir Nair,Female,40,Lucknow,Uttar Pradesh,North
C03977,Priya Kumar,Female,29,Hyderabad,Telangana,South
C03978,Meera Roy,Male,20,Hyderabad,Telangana,South
C03979,Aarav Gupta,Female,33,Hyderabad,Telangana,South
C03980,Aditya Nair,Female,25,Pune,Maharashtra,West
C03981,Aditya Das,Male,31,Jaipur,Rajasthan,North
C03982,Aditya Sharma,Male,59,Guwahati,Assam,East
C03983,Vihaan Yadav,Female,60,Guwahati,Assam,East
C03984,Aditya Gupta,Male,48,Delhi,Delhi,North
C03985,Kabir Singh,Male,57,Chennai,Tamil Nadu,South
C03986,Aarav Nair,Female,48,Hyderabad,Telangana,South
C03987,Ishaan Kumar,Female,23,Mumbai,Maharashtra,West
C03988,Arjun Patel,Female,21,Guwahati,Assam,East
C03989,Aryan Verma,Male,28,Bengaluru,Karnataka,South
C03990,Karan Roy,Female,60,Mumbai,Maharashtra,West
C03991,Vivaan Verma,Male,25,Bengaluru,Karnataka,South
C03992,Sneha Roy,Male,26,Mumbai,Maharashtra,West
C03993,Vivaan Verma,Male,46,Bengaluru,Karnataka,South
C03994,Diya Kumar,Female,33,Bengaluru,Karnataka,South
C03995,Saanvi Yadav,Male,20,Hyderabad,Telangana,South
C03996,Riya Singh,Female,42,Chennai,Tamil Nadu,South
C03997,Ishaan Mehta,Male,60,Kolkata,West Bengal,East
C03998,Karan Kumar,Female,51,Bengaluru,Karnataka,South
C03999,Aryan Gupta,Male,24,Mumbai,Maharashtra,West
C04000,Ananya Sharma,Female,58,Mumbai,Maharashtra,West
C04001,Aryan Das,Male,54,Lucknow,Uttar Pradesh,North
C04002,Aryan Patel,Female,42,Kolkata,West Bengal,East
C04003,Aarav Nair,Male,62,Bengaluru,Karnataka,South
C04004,Priya Yadav,Female,22,Kolkata,West Bengal,East
C04005,Ishaan Yadav,Female,26,Delhi,Delhi,North
C04006,Aditi Sharma,Male,32,Guwahati,Assam,East
C04007,Arjun Patel,Female,30,Jaipur,Rajasthan,North
C04008,Priya Mehta,Female,52,Pune,Maharashtra,West
C04009,Sneha Gupta,Male,31,Kolkata,West Bengal,East
C04010,Rahul Verma,Male,19,Delhi,Delhi,North
C04011,Aditi Sharma,Female,25,Bengaluru,Karnataka,South
C04012,Saanvi Patel,Female,32,Kolkata,West Bengal,East
C04013,Aditi Gupta,Male,28,Lucknow,Uttar Pradesh,North
C04014,Saanvi Sharma,Female,64,Guwahati,Assam,East
C04015,Neha Roy,Male,44,Mumbai,Maharashtra,West
C04016,Aryan Patel,Female,51,Hyderabad,Telangana,South
C04017,Diya Das,Female,28,Mumbai,Maharashtra,West
C04018,Rohan Yadav,Female,20,Delhi,Delhi,North
C04019,Vivaan Verma,Male,57,Hyderabad,Telangana,South
C04020,Sneha Joshi,Female,41,Kolkata,West Bengal,East
C04021,Ananya Nair,Male,41,Pune,Maharashtra,West
C04022,Riya Kumar,Female,41,Jaipur,Rajasthan,North
C04023,Neha Patel,Male,34,Chennai,Tamil Nadu,South
C04024,Arjun Patel,Female,47,Jaipur,Rajasthan,North
C04025,Aarav Verma,Male,53,Pune,Maharashtra,West
C04026,Arjun Mehta,Male,20,Delhi,Delhi,North
C04027,Aarav Yadav,Female,53,Hyderabad,Telangana,South
C04028,Arjun Joshi,Female,35,Hyderabad,Telangana,South
C04029,Aditi Patel,Female,51,Mumbai,Maharashtra,West
C04030,Meera Sharma,Male,64,Delhi,Delhi,North
C04031,Karan Verma,Male,55,Kolkata,West Bengal,East
C04032,Arjun Das,Male,47,Delhi,Delhi,North
C04033,Ishaan Mehta,Male,44,Mumbai,Maharashtra,West
C04034,Arjun Singh,Male,47,Jaipur,Rajasthan,North
C04035,Diya Verma,Male,36,Hyderabad,Telangana,South
C04036,Kabir Gupta,Female,37,Kolkata,West Bengal,East
C04037,Sneha Patel,Male,63,Hyderabad,Telangana,South
C04038,Aarav Sharma,Female,29,Hyderabad,Telangana,South
C04039,Meera Mehta,Female,46,Kolkata,West Bengal,East
C04040,Neha Nair,Female,49,Pune,Maharashtra,West
C04041,Ishaan Verma,Male,39,Delhi,Delhi,North
C04042,Ishaan Nair,Female,28,Hyderabad,Telangana,South
C04043,Rahul Roy,Female,45,Jaipur,Rajasthan,North
C04044,Aditya Das,Male,51,Bengaluru,Karnataka,South
C04045,Aryan Yadav,Female,19,Hyderabad,Telangana,South
C04046,Vivaan Gupta,Female,44,Delhi,Delhi,North
C04047,Arjun Gupta,Female,58,Pune,Maharashtra,West
C04048,Aarav Verma,Male,21,Guwahati,Assam,East
C04049,Riya Joshi,Female,25,Jaipur,Rajasthan,North
C04050,Vivaan Sharma,Female,55,Chennai,Tamil Nadu,South
C04051,Meera Mehta,Male,63,Hyderabad,Telangana,South
C04052,Rahul Nair,Male,38,Guwahati,Assam,East
C04053,Aditya Das,Male,20,Hyderabad,Telangana,South
C04054,Saanvi Nair,Male,55,Chennai,Tamil Nadu,South
C04055,Saanvi Joshi,Female,56,Chennai,Tamil Nadu,South
C04056,Aditi Kumar,Male,59,Lucknow,Uttar Pradesh,North
C04057,Ishaan Joshi,Female,61,Mumbai,Maharashtra,West
C04058,Neha Roy,Female,24,Mumbai,Maharashtra,West
C04059,Sneha Verma,Male,31,Pune,Maharashtra,West
C04060,Ananya Sharma,Female,48,Jaipur,Rajasthan,North
C04061,Rahul Singh,Male,29,Guwahati,Assam,East
C04062,Neha Patel,Male,65,Kolkata,West Bengal,East
C04063,Riya Nair,Female,55,Lucknow,Uttar Pradesh,North
C04064,Arjun Nair,Female,18,Guwahati,Assam,East
C04065,Rahul Patel,Female,60,Mumbai,Maharashtra,West
C04066,Aarav Singh,Female,21,Bengaluru,Karnataka,South
C04067,Karan Mehta,Male,24,Lucknow,Uttar Pradesh,North
C04068,Neha Sharma,Male,60,Mumbai,Maharashtra,West
C04069,Rahul Verma,Male,33,Delhi,Delhi,North
C04070,Saanvi Nair,Female,27,Kolkata,West Bengal,East
C04071,Aditya Joshi,Male,64,Mumbai,Maharashtra,West
C04072,Kabir Kumar,Female,60,Lucknow,Uttar Pradesh,North
C04073,Aarav Verma,Female,34,Lucknow,Uttar Pradesh,North
C04074,Meera Patel,Male,25,Chennai,Tamil Nadu,South
C04075,Priya Mehta,Male,54,Jaipur,Rajasthan,North
C04076,Kabir Das,Female,18,Jaipur,Rajasthan,North
C04077,Vihaan Sharma,Male,34,Lucknow,Uttar Pradesh,North
C04078,Vivaan Roy,Female,38,Lucknow,Uttar Pradesh,North
C04079,Aditya Patel,Male,42,Jaipur,Rajasthan,North
C04080,Aditya Gupta,Female,23,Guwahati,Assam,East
C04081,Vihaan Mehta,Female,61,Mumbai,Maharashtra,West
C04082,Rahul Patel,Female,53,Guwahati,Assam,East
C04083,Aryan Joshi,Female,55,Lucknow,Uttar Pradesh,North
C04084,Vivaan Gupta,Male,55,Jaipur,Rajasthan,North
C04085,Rohan Yadav,Male,34,Kolkata,West Bengal,East
C04086,Riya Roy,Male,40,Mumbai,Maharashtra,West
C04087,Vivaan Joshi,Male,29,Pune,Maharashtra,West
C04088,Ananya Kumar,Male,39,Jaipur,Rajasthan,North
C04089,Priya Verma,Female,55,Pune,Maharashtra,West
C04090,Vihaan Gupta,Male,56,Pune,Maharashtra,West
C04091,Ananya Nair,Female,42,Pune,Maharashtra,West
C04092,Rohan Yadav,Female,57,Lucknow,Uttar Pradesh,North
C04093,Aarav Gupta,Female,50,Pune,Maharashtra,West
C04094,Aryan Verma,Female,18,Chennai,Tamil Nadu,South
C04095,Meera Das,Male,42,Bengaluru,Karnataka,South
C04096,Vihaan Das,Male,58,Bengaluru,Karnataka,South
C04097,Rahul Mehta,Male,18,Pune,Maharashtra,West
C04098,Riya Singh,Female,52,Lucknow,Uttar Pradesh,North
C04099,Meera Yadav,Male,57,Pune,Maharashtra,West
C04100,Neha Patel,Female,43,Delhi,Delhi,North
C04101,Aryan Mehta,Female,56,Jaipur,Rajasthan,North
C04102,Aditya Roy,Male,57,Guwahati,Assam,East
C04103,Aditya Gupta,Male,31,Mumbai,Maharashtra,West
C04104,Riya Yadav,Male,40,Mumbai,Maharashtra,West
C04105,Vihaan Singh,Female,24,Guwahati,Assam,East
C04106,Ishaan Joshi,Female,18,Hyderabad,Telangana,South
C04107,Vihaan Singh,Male,34,Kolkata,West Bengal,East
C04108,Meera Mehta,Male,43,Kolkata,West Bengal,East
C04109,Aarav Patel,Female,35,Kolkata,West Bengal,East
C04110,Aditi Patel,Female,25,Chennai,Tamil Nadu,South
C04111,Arjun Roy,Female,59,Guwahati,Assam,East
C04112,Ishaan Yadav,Female,35,Delhi,Delhi,North
C04113,Riya Roy,Female,22,Delhi,Delhi,North
C04114,Aditi Yadav,Male,51,Jaipur,Rajasthan,North
C04115,Rahul Nair,Male,52,Bengaluru,Karnataka,South
C04116,Aarav Roy,Female,53,Lucknow,Uttar Pradesh,North
C04117,Arjun Gupta,Male,46,Bengaluru,Karnataka,South
C04118,Neha Mehta,Male,32,Chennai,Tamil Nadu,South
C04119,Saanvi Patel,Female,58,Kolkata,West Bengal,East
C04120,Rahul Mehta,Female,57,Pune,Maharashtra,West
C04121,Saanvi Singh,Female,62,Lucknow,Uttar Pradesh,North
C04122,Meera Joshi,Female,50,Guwahati,Assam,East
C04123,Riya Gupta,Male,38,Pune,Maharashtra,West
C04124,Riya Gupta,Female,60,Kolkata,West Bengal,East
C04125,Arjun Verma,Male,64,Delhi,Delhi,North
C04126,Vihaan Sharma,Female,41,Guwahati,Assam,East
C04127,Sneha Yadav,Male,40,Hyderabad,Telangana,South
C04128,Aditya Joshi,Male,45,Mumbai,Maharashtra,West
C04129,Rohan Nair,Female,31,Delhi,Delhi,North
C04130,Diya Singh,Female,63,Pune,Maharashtra,West
C04131,Arjun Mehta,Female,38,Bengaluru,Karnataka,South
C04132,Saanvi Sharma,Female,49,Kolkata,West Bengal,East
C04133,Vivaan Sharma,Female,26,Delhi,Delhi,North
C04134,Kabir Nair,Female,29,Chennai,Tamil Nadu,South
C04135,Ananya Roy,Female,61,Delhi,Delhi,North
C04136,Meera Nair,Female,45,Chennai,Tamil Nadu,South
C04137,Neha Sharma,Female,45,Jaipur,Rajasthan,North
C04138,Vihaan Sharma,Female,38,Chennai,Tamil Nadu,South
C04139,Priya Joshi,Female,39,Pune,Maharashtra,West
C04140,Aarav Nair,Female,37,Lucknow,Uttar Pradesh,North
C04141,Rohan Singh,Male,45,Kolkata,West Bengal,East
C04142,Rohan Das,Female,43,Bengaluru,Karnataka,South
C04143,Aryan Kumar,Male,44,Pune,Maharashtra,West
C04144,Ananya Sharma,Male,43,Kolkata,West Bengal,East
C04145,Saanvi Nair,Female,32,Kolkata,West Bengal,East
C04146,Aarav Yadav,Female,28,Delhi,Delhi,North
C04147,Arjun Patel,Male,36,Bengaluru,Karnataka,South
C04148,Karan Roy,Female,62,Bengaluru,Karnataka,South
C04149,Ananya Roy,Male,38,Jaipur,Rajasthan,North
C04150,Aditya Roy,Male,24,Guwahati,Assam,East
C04151,Vihaan Gupta,Male,23,Mumbai,Maharashtra,West
C04152,Kabir Gupta,Female,21,Kolkata,West Bengal,East
C04153,Meera Sharma,Male,48,Delhi,Delhi,North
C04154,Kabir Roy,Female,63,Guwahati,Assam,East
C04155,Meera Patel,Male,23,Jaipur,Rajasthan,North
C04156,Riya Nair,Female,46,Bengaluru,Karnataka,South
C04157,Rahul Joshi,Male,63,Delhi,Delhi,North
C04158,Rahul Patel,Female,22,Pune,Maharashtra,West
C04159,Arjun Patel,Male,31,Bengaluru,Karnataka,South
C04160,Rahul Singh,Female,39,Lucknow,Uttar Pradesh,North
C04161,Neha Das,Female,52,Hyderabad,Telangana,South
C04162,Karan Mehta,Female,58,Delhi,Delhi,North
C04163,Priya Gupta,Male,37,Bengaluru,Karnataka,South
C04164,Arjun Kumar,Male,50,Bengaluru,Karnataka,South
C04165,Rahul Das,Female,21,Kolkata,West Bengal,East
C04166,Neha Gupta,Female,59,Delhi,Delhi,North
C04167,Ananya Kumar,Female,39,Kolkata,West Bengal,East
C04168,Ishaan Verma,Male,26,Bengaluru,Karnataka,South
C04169,Aryan Yadav,Female,36,Hyderabad,Telangana,South
C04170,Saanvi Yadav,Female,61,Lucknow,Uttar Pradesh,North
C04171,Aditya Joshi,Female,43,Guwahati,Assam,East
C04172,Rohan Kumar,Female,59,Hyderabad,Telangana,South
C04173,Aditi Patel,Male,30,Bengaluru,Karnataka,South
C04174,Meera Roy,Male,22,Lucknow,Uttar Pradesh,North
C04175,Priya Yadav,Male,59,Jaipur,Rajasthan,North
C04176,Vivaan Verma,Female,33,Lucknow,Uttar Pradesh,North
C04177,Rahul Das,Male,20,Delhi,Delhi,North
C04178,Saanvi Singh,Female,64,Pune,Maharashtra,West
C04179,Kabir Patel,Female,57,Lucknow,Uttar Pradesh,North
C04180,Diya Singh,Female,18,Hyderabad,Telangana,South
C04181,Arjun Mehta,Male,63,Delhi,Delhi,North
C04182,Karan Joshi,Female,50,Pune,Maharashtra,West
C04183,Neha Das,Male,35,Mumbai,Maharashtra,West
C04184,Rahul Kumar,Female,34,Chennai,Tamil Nadu,South
C04185,Neha Sharma,Male,52,Chennai,Tamil Nadu,South
C04186,Aditya Joshi,Male,46,Kolkata,West Bengal,East
C04187,Arjun Sharma,Female,33,Lucknow,Uttar Pradesh,North
C04188,Arjun Patel,Female,50,Guwahati,Assam,East
C04189,Rahul Mehta,Female,57,Lucknow,Uttar Pradesh,North
C04190,Riya Roy,Male,62,Guwahati,Assam,East
C04191,Vivaan Gupta,Female,48,Guwahati,Assam,East
C04192,Aryan Joshi,Male,35,Guwahati,Assam,East
C04193,Aryan Gupta,Female,32,Jaipur,Rajasthan,North
C04194,Aditya Yadav,Female,63,Delhi,Delhi,North
C04195,Vihaan Gupta,Male,31,Chennai,Tamil Nadu,South
C04196,Rohan Nair,Female,28,Lucknow,Uttar Pradesh,North
C04197,Rohan Singh,Male,27,Lucknow,Uttar Pradesh,North
C04198,Meera Joshi,Male,43,Mumbai,Maharashtra,West
C04199,Riya Singh,Male,51,Bengaluru,Karnataka,South
C04200,Vivaan Yadav,Male,28,Lucknow,Uttar Pradesh,North
C04201,Arjun Sharma,Male,18,Bengaluru,Karnataka,South
C04202,Rohan Patel,Male,19,Bengaluru,Karnataka,South
C04203,Kabir Roy,Female,45,Mumbai,Maharashtra,West
C04204,Arjun Sharma,Male,50,Pune,Maharashtra,West
C04205,Meera Kumar,Female,63,Guwahati,Assam,East
C04206,Arjun Sharma,Male,36,Pune,Maharashtra,West
C04207,Priya Roy,Male,36,Hyderabad,Telangana,South
C04208,Rohan Mehta,Female,38,Delhi,Delhi,North
C04209,Aditya Nair,Male,48,Hyderabad,Telangana,South
C04210,Neha Mehta,Male,30,Chennai,Tamil Nadu,South
C04211,Ananya Roy,Female,61,Kolkata,West Bengal,East
C04212,Vivaan Sharma,Male,64,Mumbai,Maharashtra,West
C04213,Karan Roy,Male,18,Delhi,Delhi,North
C04214,Rahul Das,Female,46,Kolkata,West Bengal,East
C04215,Diya Sharma,Male,45,Mumbai,Maharashtra,West
C04216,Sneha Roy,Female,23,Pune,Maharashtra,West
C04217,Aarav Kumar,Female,41,Mumbai,Maharashtra,West
C04218,Aditya Yadav,Male,63,Chennai,Tamil Nadu,South
C04219,Ananya Sharma,Female,52,Hyderabad,Telangana,South
C04220,Arjun Roy,Female,57,Kolkata,West Bengal,East
C04221,Vivaan Mehta,Male,41,Jaipur,Rajasthan,North
C04222,Ishaan Roy,Female,53,Lucknow,Uttar Pradesh,North
C04223,Ananya Mehta,Male,42,Hyderabad,Telangana,South
C04224,Riya Nair,Female,28,Lucknow,Uttar Pradesh,North
C04225,Saanvi Joshi,Male,51,Pune,Maharashtra,West
C04226,Meera Roy,Male,48,Hyderabad,Telangana,South
C04227,Aditi Nair,Male,41,Lucknow,Uttar Pradesh,North
C04228,Priya Nair,Female,29,Delhi,Delhi,North
C04229,Karan Verma,Female,42,Kolkata,West Bengal,East
C04230,Saanvi Singh,Male,19,Delhi,Delhi,North
C04231,Aryan Roy,Female,47,Mumbai,Maharashtra,West
C04232,Riya Mehta,Male,42,Lucknow,Uttar Pradesh,North
C04233,Ananya Verma,Male,54,Delhi,Delhi,North
C04234,Aryan Verma,Female,41,Kolkata,West Bengal,East
C04235,Kabir Das,Male,47,Kolkata,West Bengal,East
C04236,Karan Gupta,Male,60,Jaipur,Rajasthan,North
C04237,Aditi Gupta,Female,56,Bengaluru,Karnataka,South
C04238,Aditya Verma,Male,35,Bengaluru,Karnataka,South
C04239,Saanvi Yadav,Female,26,Mumbai,Maharashtra,West
C04240,Rahul Patel,Male,27,Pune,Maharashtra,West
C04241,Aditi Das,Male,46,Guwahati,Assam,East
C04242,Rahul Yadav,Female,35,Delhi,Delhi,North
C04243,Arjun Mehta,Female,61,Bengaluru,Karnataka,South
C04244,Priya Joshi,Male,38,Chennai,Tamil Nadu,South
C04245,Kabir Patel,Male,54,Pune,Maharashtra,West
C04246,Aryan Das,Female,18,Bengaluru,Karnataka,South
C04247,Aarav Yadav,Male,22,Guwahati,Assam,East
C04248,Rohan Yadav,Female,44,Pune,Maharashtra,West
C04249,Vivaan Joshi,Male,31,Chennai,Tamil Nadu,South
C04250,Rahul Joshi,Male,50,Bengaluru,Karnataka,South
C04251,Meera Nair,Female,64,Bengaluru,Karnataka,South
C04252,Aarav Sharma,Male,49,Chennai,Tamil Nadu,South
C04253,Kabir Patel,Male,62,Lucknow,Uttar Pradesh,North
C04254,Karan Singh,Male,26,Chennai,Tamil Nadu,South
C04255,Aditya Roy,Female,18,Pune,Maharashtra,West
C04256,Aditya Sharma,Female,53,Jaipur,Rajasthan,North
C04257,Aditya Verma,Female,18,Delhi,Delhi,North
C04258,Vihaan Joshi,Male,60,Guwahati,Assam,East
C04259,Diya Patel,Female,23,Mumbai,Maharashtra,West
C04260,Priya Singh,Female,21,Delhi,Delhi,North
C04261,Aryan Singh,Male,20,Guwahati,Assam,East
C04262,Aditya Roy,Female,61,Jaipur,Rajasthan,North
C04263,Aarav Joshi,Female,62,Delhi,Delhi,North
C04264,Kabir Nair,Female,53,Mumbai,Maharashtra,West
C04265,Ananya Singh,Male,54,Kolkata,West Bengal,East
C04266,Karan Roy,Male,44,Lucknow,Uttar Pradesh,North
C04267,Aryan Nair,Female,35,Kolkata,West Bengal,East
C04268,Arjun Roy,Male,57,Jaipur,Rajasthan,North
C04269,Aryan Joshi,Male,37,Lucknow,Uttar Pradesh,North
C04270,Aditya Singh,Male,20,Lucknow,Uttar Pradesh,North
C04271,Diya Sharma,Male,40,Chennai,Tamil Nadu,South
C04272,Saanvi Roy,Male,61,Lucknow,Uttar Pradesh,North
C04273,Aditya Joshi,Female,31,Bengaluru,Karnataka,South
C04274,Karan Gupta,Male,39,Kolkata,West Bengal,East
C04275,Neha Mehta,Male,43,Bengaluru,Karnataka,South
C04276,Meera Roy,Male,65,Chennai,Tamil Nadu,South
C04277,Karan Singh,Male,63,Pune,Maharashtra,West
C04278,Ananya Mehta,Male,53,Chennai,Tamil Nadu,South
C04279,Vihaan Das,Male,42,Chennai,Tamil Nadu,South
C04280,Sneha Patel,Male,39,Chennai,Tamil Nadu,South
C04281,Vivaan Joshi,Female,35,Kolkata,West Bengal,East
C04282,Sneha Das,Female,57,Delhi,Delhi,North
C04283,Priya Verma,Female,43,Kolkata,West Bengal,East
C04284,Ishaan Nair,Male,64,Bengaluru,Karnataka,South
C04285,Saanvi Sharma,Female,38,Delhi,Delhi,North
C04286,Vivaan Joshi,Female,64,Mumbai,Maharashtra,West
C04287,Saanvi Verma,Male,24,Delhi,Delhi,North
C04288,Arjun Joshi,Female,24,Mumbai,Maharashtra,West
C04289,Aarav Patel,Female,36,Guwahati,Assam,East
C04290,Sneha Sharma,Male,28,Jaipur,Rajasthan,North
C04291,Sneha Yadav,Female,32,Delhi,Delhi,North
C04292,Rahul Yadav,Male,61,Kolkata,West Bengal,East
C04293,Aarav Verma,Male,29,Bengaluru,Karnataka,South
C04294,Diya Nair,Female,21,Jaipur,Rajasthan,North
C04295,Vihaan Roy,Male,23,Delhi,Delhi,North
C04296,Arjun Das,Male,64,Kolkata,West Bengal,East
C04297,Priya Kumar,Female,46,Bengaluru,Karnataka,South
C04298,Diya Sharma,Female,36,Guwahati,Assam,East
C04299,Aditi Verma,Female,63,Delhi,Delhi,North
C04300,Aryan Joshi,Male,40,Hyderabad,Telangana,South
C04301,Priya Kumar,Male,32,Guwahati,Assam,East
C04302,Vivaan Sharma,Female,36,Mumbai,Maharashtra,West
C04303,Ishaan Gupta,Male,31,Guwahati,Assam,East
C04304,Arjun Sharma,Female,40,Guwahati,Assam,East
C04305,Vivaan Singh,Female,20,Bengaluru,Karnataka,South
C04306,Saanvi Yadav,Female,22,Lucknow,Uttar Pradesh,North
C04307,Meera Gupta,Male,32,Mumbai,Maharashtra,West
C04308,Saanvi Nair,Male,52,Kolkata,West Bengal,East
C04309,Priya Singh,Female,61,Kolkata,West Bengal,East
C04310,Diya Patel,Male,41,Guwahati,Assam,East
C04311,Aditya Sharma,Male,44,Pune,Maharashtra,West
C04312,Riya Nair,Male,59,Jaipur,Rajasthan,North
C04313,Sneha Nair,Female,53,Delhi,Delhi,North
C04314,Aditya Mehta,Female,63,Delhi,Delhi,North
C04315,Aditi Gupta,Male,62,Jaipur,Rajasthan,North
C04316,Aditi Mehta,Female,62,Hyderabad,Telangana,South
C04317,Ishaan Kumar,Male,54,Bengaluru,Karnataka,South
C04318,Ananya Nair,Female,32,Chennai,Tamil Nadu,South
C04319,Aarav Roy,Female,47,Delhi,Delhi,North
C04320,Vihaan Das,Female,18,Pune,Maharashtra,West
C04321,Vihaan Kumar,Female,18,Hyderabad,Telangana,South
C04322,Aditi Singh,Female,38,Mumbai,Maharashtra,West
C04323,Aryan Roy,Male,36,Chennai,Tamil Nadu,South
C04324,Karan Mehta,Female,29,Mumbai,Maharashtra,West
C04325,Vivaan Kumar,Male,60,Guwahati,Assam,East
C04326,Aryan Singh,Male,37,Guwahati,Assam,East
C04327,Arjun Verma,Male,65,Kolkata,West Bengal,East
C04328,Riya Sharma,Female,61,Delhi,Delhi,North
C04329,Priya Singh,Male,58,Delhi,Delhi,North
C04330,Meera Roy,Female,33,Lucknow,Uttar Pradesh,North
C04331,Aryan Verma,Male,42,Delhi,Delhi,North
C04332,Karan Singh,Male,57,Pune,Maharashtra,West
C04333,Ananya Kumar,Female,47,Delhi,Delhi,North
C04334,Riya Mehta,Female,38,Kolkata,West Bengal,East
C04335,Vihaan Verma,Male,55,Guwahati,Assam,East
C04336,Neha Gupta,Male,43,Guwahati,Assam,East
C04337,Rohan Singh,Female,60,Delhi,Delhi,North
C04338,Aarav Yadav,Male,47,Bengaluru,Karnataka,South
C04339,Priya Mehta,Male,22,Kolkata,West Bengal,East
C04340,Karan Joshi,Male,62,Chennai,Tamil Nadu,South
C04341,Aryan Sharma,Female,25,Guwahati,Assam,East
C04342,Priya Patel,Male,63,Mumbai,Maharashtra,West
C04343,Aarav Patel,Male,45,Lucknow,Uttar Pradesh,North
C04344,Arjun Kumar,Male,22,Bengaluru,Karnataka,South
C04345,Kabir Verma,Female,64,Kolkata,West Bengal,East
C04346,Priya Nair,Male,45,Delhi,Delhi,North
C04347,Arjun Mehta,Female,31,Mumbai,Maharashtra,West
C04348,Priya Das,Male,64,Lucknow,Uttar Pradesh,North
C04349,Diya Nair,Female,62,Guwahati,Assam,East
C04350,Vihaan Yadav,Male,42,Jaipur,Rajasthan,North
C04351,Kabir Sharma,Male,39,Lucknow,Uttar Pradesh,North
C04352,Aditi Mehta,Male,22,Hyderabad,Telangana,South
C04353,Sneha Nair,Male,50,Lucknow,Uttar Pradesh,North
C04354,Aditi Patel,Female,39,Guwahati,Assam,East
C04355,Vivaan Kumar,Male,50,Chennai,Tamil Nadu,South
C04356,Vihaan Yadav,Female,28,Bengaluru,Karnataka,South
C04357,Vivaan Patel,Male,57,Delhi,Delhi,North
C04358,Meera Patel,Male,26,Chennai,Tamil Nadu,South
C04359,Vivaan Gupta,Male,35,Bengaluru,Karnataka,South
C04360,Aditi Gupta,Male,64,Chennai,Tamil Nadu,South
C04361,Kabir Yadav,Male,22,Bengaluru,Karnataka,South
C04362,Priya Nair,Male,62,Pune,Maharashtra,West
C04363,Aryan Yadav,Male,26,Delhi,Delhi,North
C04364,Ishaan Sharma,Female,63,Delhi,Delhi,North
C04365,Rohan Patel,Male,63,Bengaluru,Karnataka,South
C04366,Aditi Das,Male,62,Jaipur,Rajasthan,North
C04367,Rohan Das,Male,20,Mumbai,Maharashtra,West
C04368,Kabir Verma,Female,39,Bengaluru,Karnataka,South
C04369,Neha Gupta,Female,30,Delhi,Delhi,North
C04370,Vivaan Das,Male,46,Delhi,Delhi,North
C04371,Karan Das,Female,55,Jaipur,Rajasthan,North
C04372,Saanvi Mehta,Male,26,Mumbai,Maharashtra,West
C04373,Aarav Kumar,Male,56,Mumbai,Maharashtra,West
C04374,Neha Kumar,Male,48,Mumbai,Maharashtra,West
C04375,Sneha Nair,Male,28,Chennai,Tamil Nadu,South
C04376,Kabir Singh,Male,19,Guwahati,Assam,East
C04377,Rohan Yadav,Female,22,Chennai,Tamil Nadu,South
C04378,Sneha Roy,Male,27,Guwahati,Assam,East
C04379,Aditya Singh,Male,44,Guwahati,Assam,East
C04380,Aarav Mehta,Male,41,Jaipur,Rajasthan,North
C04381,Meera Das,Female,43,Pune,Maharashtra,West
C04382,Vivaan Roy,Male,62,Jaipur,Rajasthan,North
C04383,Aryan Verma,Female,41,Pune,Maharashtra,West
C04384,Vivaan Gupta,Female,34,Kolkata,West Bengal,East
C04385,Vivaan Joshi,Female,43,Chennai,Tamil Nadu,South
C04386,Ananya Nair,Male,63,Hyderabad,Telangana,South
C04387,Riya Roy,Female,18,Hyderabad,Telangana,South
C04388,Saanvi Roy,Male,47,Chennai,Tamil Nadu,South
C04389,Aryan Patel,Female,26,Hyderabad,Telangana,South
C04390,Arjun Verma,Female,27,Pune,Maharashtra,West
C04391,Ishaan Roy,Male,65,Chennai,Tamil Nadu,South
C04392,Meera Yadav,Female,35,Kolkata,West Bengal,East
C04393,Arjun Kumar,Male,52,Bengaluru,Karnataka,South
C04394,Saanvi Kumar,Male,65,Jaipur,Rajasthan,North
C04395,Neha Patel,Male,64,Guwahati,Assam,East
C04396,Aditya Kumar,Female,34,Chennai,Tamil Nadu,South
C04397,Ishaan Mehta,Female,33,Hyderabad,Telangana,South
C04398,Ananya Joshi,Male,41,Bengaluru,Karnataka,South
C04399,Priya Mehta,Male,32,Delhi,Delhi,North
C04400,Rahul Singh,Male,62,Hyderabad,Telangana,South
C04401,Aditya Verma,Female,60,Hyderabad,Telangana,South
C04402,Aditi Roy,Male,41,Lucknow,Uttar Pradesh,North
C04403,Priya Joshi,Female,62,Chennai,Tamil Nadu,South
C04404,Rahul Joshi,Female,47,Guwahati,Assam,East
C04405,Riya Yadav,Female,64,Pune,Maharashtra,West
C04406,Ishaan Das,Male,45,Kolkata,West Bengal,East
C04407,Riya Joshi,Female,43,Kolkata,West Bengal,East
C04408,Saanvi Mehta,Female,22,Pune,Maharashtra,West
C04409,Ishaan Gupta,Male,23,Pune,Maharashtra,West
C04410,Diya Gupta,Female,19,Bengaluru,Karnataka,South
C04411,Aarav Nair,Female,57,Lucknow,Uttar Pradesh,North
C04412,Kabir Verma,Female,29,Chennai,Tamil Nadu,South
C04413,Saanvi Patel,Female,41,Pune,Maharashtra,West
C04414,Sneha Roy,Female,46,Guwahati,Assam,East
C04415,Arjun Singh,Male,47,Bengaluru,Karnataka,South
C04416,Aryan Singh,Female,63,Chennai,Tamil Nadu,South
C04417,Arjun Gupta,Male,42,Guwahati,Assam,East
C04418,Ananya Sharma,Female,59,Mumbai,Maharashtra,West
C04419,Riya Singh,Male,28,Lucknow,Uttar Pradesh,North
C04420,Arjun Gupta,Female,37,Pune,Maharashtra,West
C04421,Vivaan Joshi,Female,32,Hyderabad,Telangana,South
C04422,Rohan Verma,Male,19,Jaipur,Rajasthan,North
C04423,Arjun Joshi,Female,28,Lucknow,Uttar Pradesh,North
C04424,Arjun Verma,Female,64,Bengaluru,Karnataka,South
C04425,Karan Verma,Female,38,Lucknow,Uttar Pradesh,North
C04426,Ishaan Das,Female,65,Bengaluru,Karnataka,South
C04427,Neha Mehta,Female,34,Bengaluru,Karnataka,South
C04428,Aditi Sharma,Male,49,Chennai,Tamil Nadu,South
C04429,Vihaan Kumar,Male,62,Hyderabad,Telangana,South
C04430,Neha Das,Male,32,Lucknow,Uttar Pradesh,North
C04431,Karan Joshi,Male,54,Jaipur,Rajasthan,North
C04432,Sneha Kumar,Female,44,Pune,Maharashtra,West
C04433,Ishaan Joshi,Male,25,Hyderabad,Telangana,South
C04434,Vivaan Kumar,Male,58,Chennai,Tamil Nadu,South
C04435,Aryan Joshi,Male,19,Kolkata,West Bengal,East
C04436,Diya Kumar,Male,20,Kolkata,West Bengal,East
C04437,Aryan Joshi,Male,64,Delhi,Delhi,North
C04438,Aditya Gupta,Male,38,Bengaluru,Karnataka,South
C04439,Ishaan Verma,Female,19,Jaipur,Rajasthan,North
C04440,Ananya Singh,Male,31,Guwahati,Assam,East
C04441,Kabir Kumar,Male,49,Pune,Maharashtra,West
C04442,Vivaan Singh,Male,30,Bengaluru,Karnataka,South
C04443,Saanvi Das,Female,63,Pune,Maharashtra,West
C04444,Kabir Roy,Male,64,Bengaluru,Karnataka,South
C04445,Saanvi Kumar,Male,54,Delhi,Delhi,North
C04446,Rohan Das,Male,64,Jaipur,Rajasthan,North
C04447,Saanvi Das,Male,33,Kolkata,West Bengal,East
C04448,Vihaan Patel,Female,32,Bengaluru,Karnataka,South
C04449,Ishaan Mehta,Male,18,Guwahati,Assam,East
C04450,Priya Joshi,Male,40,Chennai,Tamil Nadu,South
C04451,Aryan Singh,Female,45,Hyderabad,Telangana,South
C04452,Kabir Das,Male,48,Mumbai,Maharashtra,West
C04453,Aditya Sharma,Female,20,Pune,Maharashtra,West
C04454,Vihaan Roy,Female,25,Lucknow,Uttar Pradesh,North
C04455,Vihaan Singh,Female,20,Lucknow,Uttar Pradesh,North
C04456,Aarav Joshi,Male,27,Mumbai,Maharashtra,West
C04457,Arjun Das,Male,53,Pune,Maharashtra,West
C04458,Vihaan Yadav,Male,49,Lucknow,Uttar Pradesh,North
C04459,Rahul Mehta,Female,43,Pune,Maharashtra,West
C04460,Ishaan Das,Female,34,Jaipur,Rajasthan,North
C04461,Aryan Singh,Male,62,Bengaluru,Karnataka,South
C04462,Aryan Patel,Male,58,Bengaluru,Karnataka,South
C04463,Saanvi Gupta,Female,27,Mumbai,Maharashtra,West
C04464,Meera Kumar,Male,63,Kolkata,West Bengal,East
C04465,Vihaan Yadav,Female,43,Bengaluru,Karnataka,South
C04466,Sneha Patel,Female,31,Delhi,Delhi,North
C04467,Vivaan Roy,Male,58,Kolkata,West Bengal,East
C04468,Rohan Verma,Male,52,Jaipur,Rajasthan,North
C04469,Rahul Roy,Female,35,Delhi,Delhi,North
C04470,Rohan Sharma,Female,60,Mumbai,Maharashtra,West
C04471,Rohan Mehta,Female,25,Kolkata,West Bengal,East
C04472,Diya Patel,Male,60,Lucknow,Uttar Pradesh,North
C04473,Rohan Roy,Male,43,Mumbai,Maharashtra,West
C04474,Kabir Gupta,Female,32,Delhi,Delhi,North
C04475,Aditi Kumar,Female,42,Guwahati,Assam,East
C04476,Diya Yadav,Female,48,Mumbai,Maharashtra,West
C04477,Priya Das,Female,54,Delhi,Delhi,North
C04478,Vihaan Kumar,Male,41,Mumbai,Maharashtra,West
C04479,Neha Yadav,Female,22,Mumbai,Maharashtra,West
C04480,Riya Kumar,Female,39,Mumbai,Maharashtra,West
C04481,Rahul Sharma,Male,54,Pune,Maharashtra,West
C04482,Riya Singh,Female,46,Pune,Maharashtra,West
C04483,Aditi Das,Male,21,Lucknow,Uttar Pradesh,North
C04484,Aarav Patel,Male,34,Jaipur,Rajasthan,North
C04485,Neha Patel,Male,22,Bengaluru,Karnataka,South
C04486,Aditi Verma,Male,64,Guwahati,Assam,East
C04487,Aryan Gupta,Male,30,Mumbai,Maharashtra,West
C04488,Rohan Yadav,Female,57,Guwahati,Assam,East
C04489,Karan Mehta,Female,43,Pune,Maharashtra,West
C04490,Riya Mehta,Female,31,Delhi,Delhi,North
C04491,Vihaan Roy,Female,48,Mumbai,Maharashtra,West
C04492,Aditya Nair,Male,26,Hyderabad,Telangana,South
C04493,Sneha Kumar,Male,47,Jaipur,Rajasthan,North
C04494,Riya Mehta,Female,59,Kolkata,West Bengal,East
C04495,Neha Das,Male,58,Lucknow,Uttar Pradesh,North
C04496,Riya Yadav,Female,30,Hyderabad,Telangana,South
C04497,Saanvi Verma,Female,39,Mumbai,Maharashtra,West
C04498,Ishaan Sharma,Female,29,Chennai,Tamil Nadu,South
C04499,Arjun Patel,Male,28,Hyderabad,Telangana,South
C04500,Riya Verma,Female,19,Mumbai,Maharashtra,West
C04501,Aditi Roy,Female,36,Kolkata,West Bengal,East
C04502,Karan Gupta,Female,18,Guwahati,Assam,East
C04503,Aarav Patel,Female,53,Delhi,Delhi,North
C04504,Sneha Gupta,Female,52,Jaipur,Rajasthan,North
C04505,Aditi Roy,Female,54,Pune,Maharashtra,West
C04506,Riya Joshi,Female,23,Jaipur,Rajasthan,North
C04507,Ishaan Roy,Female,45,Pune,Maharashtra,West
C04508,Rahul Das,Male,19,Delhi,Delhi,North
C04509,Rohan Das,Female,62,Pune,Maharashtra,West
C04510,Aditi Singh,Male,55,Hyderabad,Telangana,South
C04511,Rahul Nair,Female,57,Pune,Maharashtra,West
C04512,Karan Joshi,Male,25,Bengaluru,Karnataka,South
C04513,Priya Patel,Female,32,Guwahati,Assam,East
C04514,Ishaan Sharma,Female,55,Kolkata,West Bengal,East
C04515,Aarav Patel,Female,40,Jaipur,Rajasthan,North
C04516,Vihaan Mehta,Male,47,Mumbai,Maharashtra,West
C04517,Ishaan Roy,Female,33,Pune,Maharashtra,West
C04518,Diya Nair,Female,51,Mumbai,Maharashtra,West
C04519,Meera Nair,Female,57,Guwahati,Assam,East
C04520,Priya Gupta,Female,60,Pune,Maharashtra,West
C04521,Rohan Gupta,Female,34,Pune,Maharashtra,West
C04522,Rohan Gupta,Female,22,Chennai,Tamil Nadu,South
C04523,Saanvi Verma,Female,54,Chennai,Tamil Nadu,South
C04524,Riya Singh,Male,63,Guwahati,Assam,East
C04525,Rahul Nair,Female,36,Chennai,Tamil Nadu,South
C04526,Riya Gupta,Female,34,Hyderabad,Telangana,South
C04527,Kabir Kumar,Male,27,Delhi,Delhi,North
C04528,Vivaan Nair,Female,50,Hyderabad,Telangana,South
C04529,Aryan Nair,Female,64,Pune,Maharashtra,West
C04530,Riya Kumar,Female,24,Hyderabad,Telangana,South
C04531,Vihaan Verma,Male,54,Hyderabad,Telangana,South
C04532,Aryan Sharma,Male,25,Jaipur,Rajasthan,North
C04533,Vivaan Joshi,Female,37,Jaipur,Rajasthan,North
C04534,Priya Singh,Female,58,Lucknow,Uttar Pradesh,North
C04535,Priya Das,Female,55,Pune,Maharashtra,West
C04536,Aryan Sharma,Male,18,Bengaluru,Karnataka,South
C04537,Ananya Gupta,Female,37,Delhi,Delhi,North
C04538,Aditya Patel,Male,54,Pune,Maharashtra,West
C04539,Aarav Patel,Female,24,Delhi,Delhi,North
C04540,Arjun Singh,Female,39,Bengaluru,Karnataka,South
C04541,Priya Mehta,Female,30,Pune,Maharashtra,West
C04542,Riya Das,Female,18,Kolkata,West Bengal,East
C04543,Neha Verma,Male,22,Lucknow,Uttar Pradesh,North
C04544,Priya Mehta,Female,30,Chennai,Tamil Nadu,South
C04545,Diya Roy,Female,32,Chennai,Tamil Nadu,South
C04546,Aditya Singh,Female,21,Mumbai,Maharashtra,West
C04547,Ananya Patel,Male,44,Hyderabad,Telangana,South
C04548,Aryan Sharma,Male,30,Bengaluru,Karnataka,South
C04549,Karan Gupta,Male,34,Chennai,Tamil Nadu,South
C04550,Ishaan Kumar,Male,19,Pune,Maharashtra,West
C04551,Rohan Kumar,Female,63,Chennai,Tamil Nadu,South
C04552,Neha Mehta,Female,52,Guwahati,Assam,East
C04553,Vivaan Mehta,Female,63,Delhi,Delhi,North
C04554,Riya Gupta,Female,55,Bengaluru,Karnataka,South
C04555,Aryan Kumar,Male,59,Delhi,Delhi,North
C04556,Karan Gupta,Male,47,Jaipur,Rajasthan,North
C04557,Ishaan Sharma,Female,31,Chennai,Tamil Nadu,South
C04558,Vivaan Patel,Male,52,Kolkata,West Bengal,East
C04559,Vivaan Patel,Male,53,Kolkata,West Bengal,East
C04560,Rahul Roy,Female,39,Guwahati,Assam,East
C04561,Karan Das,Male,30,Bengaluru,Karnataka,South
C04562,Aryan Mehta,Male,57,Hyderabad,Telangana,South
C04563,Aarav Patel,Male,26,Hyderabad,Telangana,South
C04564,Sneha Nair,Male,31,Kolkata,West Bengal,East
C04565,Aarav Singh,Male,32,Hyderabad,Telangana,South
C04566,Rahul Roy,Female,46,Hyderabad,Telangana,South
C04567,Arjun Kumar,Female,47,Mumbai,Maharashtra,West
C04568,Aarav Joshi,Female,27,Kolkata,West Bengal,East
C04569,Saanvi Nair,Female,38,Jaipur,Rajasthan,North
C04570,Vivaan Patel,Female,59,Hyderabad,Telangana,South
C04571,Ishaan Sharma,Male,29,Kolkata,West Bengal,East
C04572,Riya Mehta,Female,49,Hyderabad,Telangana,South
C04573,Rohan Sharma,Male,35,Bengaluru,Karnataka,South
C04574,Vivaan Patel,Female,47,Bengaluru,Karnataka,South
C04575,Riya Yadav,Male,23,Mumbai,Maharashtra,West
C04576,Vihaan Patel,Male,36,Jaipur,Rajasthan,North
C04577,Priya Sharma,Female,64,Delhi,Delhi,North
C04578,Rahul Kumar,Female,64,Pune,Maharashtra,West
C04579,Aditi Kumar,Female,38,Mumbai,Maharashtra,West
C04580,Neha Verma,Male,34,Chennai,Tamil Nadu,South
C04581,Sneha Das,Male,52,Delhi,Delhi,North
C04582,Aryan Kumar,Female,58,Jaipur,Rajasthan,North
C04583,Diya Mehta,Male,29,Bengaluru,Karnataka,South
C04584,Diya Nair,Male,55,Bengaluru,Karnataka,South
C04585,Sneha Roy,Female,63,Kolkata,West Bengal,East
C04586,Kabir Yadav,Male,33,Chennai,Tamil Nadu,South
C04587,Rohan Kumar,Male,46,Jaipur,Rajasthan,North
C04588,Aditya Patel,Male,26,Guwahati,Assam,East
C04589,Aditya Sharma,Male,51,Mumbai,Maharashtra,West
C04590,Kabir Sharma,Male,62,Jaipur,Rajasthan,North
C04591,Meera Roy,Male,60,Kolkata,West Bengal,East
C04592,Karan Sharma,Female,36,Mumbai,Maharashtra,West
C04593,Rohan Nair,Male,40,Delhi,Delhi,North
C04594,Riya Nair,Female,62,Mumbai,Maharashtra,West
C04595,Vihaan Nair,Female,65,Kolkata,West Bengal,East
C04596,Aditi Verma,Male,29,Mumbai,Maharashtra,West
C04597,Aditi Roy,Female,33,Bengaluru,Karnataka,South
C04598,Meera Joshi,Male,28,Hyderabad,Telangana,South
C04599,Priya Gupta,Male,27,Delhi,Delhi,North
C04600,Sneha Patel,Female,61,Mumbai,Maharashtra,West
C04601,Rahul Nair,Female,30,Kolkata,West Bengal,East
C04602,Aarav Yadav,Male,30,Hyderabad,Telangana,South
C04603,Ananya Gupta,Female,19,Chennai,Tamil Nadu,South
C04604,Kabir Mehta,Female,50,Chennai,Tamil Nadu,South
C04605,Riya Das,Male,35,Guwahati,Assam,East
C04606,Aarav Patel,Male,41,Jaipur,Rajasthan,North
C04607,Sneha Mehta,Female,22,Guwahati,Assam,East
C04608,Diya Singh,Female,49,Guwahati,Assam,East
C04609,Saanvi Yadav,Male,43,Chennai,Tamil Nadu,South
C04610,Ishaan Patel,Female,44,Pune,Maharashtra,West
C04611,Rahul Patel,Female,49,Hyderabad,Telangana,South
C04612,Diya Patel,Male,40,Jaipur,Rajasthan,North
C04613,Aryan Sharma,Female,23,Guwahati,Assam,East
C04614,Priya Mehta,Male,27,Pune,Maharashtra,West
C04615,Aryan Sharma,Female,54,Guwahati,Assam,East
C04616,Aryan Nair,Female,25,Bengaluru,Karnataka,South
C04617,Diya Roy,Male,20,Mumbai,Maharashtra,West
C04618,Riya Das,Female,60,Bengaluru,Karnataka,South
C04619,Sneha Singh,Female,33,Guwahati,Assam,East
C04620,Aryan Kumar,Female,29,Jaipur,Rajasthan,North
C04621,Ananya Kumar,Male,20,Guwahati,Assam,East
C04622,Sneha Verma,Female,60,Pune,Maharashtra,West
C04623,Saanvi Mehta,Male,59,Chennai,Tamil Nadu,South
C04624,Diya Verma,Male,31,Lucknow,Uttar Pradesh,North
C04625,Rohan Kumar,Male,20,Mumbai,Maharashtra,West
C04626,Riya Mehta,Male,63,Chennai,Tamil Nadu,South
C04627,Aditya Kumar,Male,29,Bengaluru,Karnataka,South
C04628,Arjun Patel,Male,41,Bengaluru,Karnataka,South
C04629,Kabir Kumar,Male,63,Chennai,Tamil Nadu,South
C04630,Meera Patel,Female,52,Kolkata,West Bengal,East
C04631,Meera Joshi,Female,37,Pune,Maharashtra,West
C04632,Arjun Nair,Male,51,Delhi,Delhi,North
C04633,Rahul Mehta,Male,42,Kolkata,West Bengal,East
C04634,Ananya Patel,Male,20,Chennai,Tamil Nadu,South
C04635,Vihaan Nair,Female,46,Pune,Maharashtra,West
C04636,Aditi Singh,Female,51,Lucknow,Uttar Pradesh,North
C04637,Sneha Kumar,Female,36,Kolkata,West Bengal,East
C04638,Ananya Yadav,Male,56,Pune,Maharashtra,West
C04639,Aryan Singh,Female,60,Pune,Maharashtra,West
C04640,Arjun Nair,Male,63,Bengaluru,Karnataka,South
C04641,Aryan Patel,Male,30,Pune,Maharashtra,West
C04642,Aarav Gupta,Male,20,Bengaluru,Karnataka,South
C04643,Vihaan Nair,Female,52,Chennai,Tamil Nadu,South
C04644,Arjun Gupta,Female,50,Hyderabad,Telangana,South
C04645,Arjun Verma,Female,57,Guwahati,Assam,East
C04646,Aryan Roy,Female,54,Jaipur,Rajasthan,North
C04647,Arjun Kumar,Male,50,Lucknow,Uttar Pradesh,North
C04648,Arjun Yadav,Male,21,Hyderabad,Telangana,South
C04649,Neha Roy,Female,19,Hyderabad,Telangana,South
C04650,Aarav Sharma,Male,40,Bengaluru,Karnataka,South
C04651,Vihaan Mehta,Female,30,Hyderabad,Telangana,South
C04652,Sneha Singh,Male,18,Lucknow,Uttar Pradesh,North
C04653,Vivaan Das,Male,35,Kolkata,West Bengal,East
C04654,Kabir Singh,Male,40,Hyderabad,Telangana,South
C04655,Vihaan Roy,Male,60,Lucknow,Uttar Pradesh,North
C04656,Saanvi Sharma,Male,46,Guwahati,Assam,East
C04657,Meera Yadav,Female,28,Pune,Maharashtra,West
C04658,Neha Singh,Male,29,Jaipur,Rajasthan,North
C04659,Ishaan Mehta,Female,61,Lucknow,Uttar Pradesh,North
C04660,Ishaan Joshi,Female,65,Hyderabad,Telangana,South
C04661,Kabir Das,Male,58,Mumbai,Maharashtra,West
C04662,Sneha Patel,Female,47,Lucknow,Uttar Pradesh,North
C04663,Rohan Roy,Female,24,Mumbai,Maharashtra,West
C04664,Aditya Singh,Male,60,Delhi,Delhi,North
C04665,Vihaan Singh,Male,63,Lucknow,Uttar Pradesh,North
C04666,Aryan Verma,Male,40,Guwahati,Assam,East
C04667,Karan Yadav,Male,51,Bengaluru,Karnataka,South
C04668,Diya Yadav,Male,43,Jaipur,Rajasthan,North
C04669,Aditi Roy,Male,59,Jaipur,Rajasthan,North
C04670,Neha Kumar,Female,55,Delhi,Delhi,North
C04671,Aarav Kumar,Male,59,Bengaluru,Karnataka,South
C04672,Rohan Verma,Male,47,Chennai,Tamil Nadu,South
C04673,Karan Roy,Male,47,Guwahati,Assam,East
C04674,Arjun Das,Female,55,Lucknow,Uttar Pradesh,North
C04675,Rohan Mehta,Female,40,Lucknow,Uttar Pradesh,North
C04676,Vihaan Yadav,Male,63,Jaipur,Rajasthan,North
C04677,Sneha Roy,Female,62,Bengaluru,Karnataka,South
C04678,Meera Roy,Male,57,Pune,Maharashtra,West
C04679,Riya Verma,Male,38,Kolkata,West Bengal,East
C04680,Ishaan Gupta,Male,39,Jaipur,Rajasthan,North
C04681,Rohan Nair,Female,60,Kolkata,West Bengal,East
C04682,Aarav Joshi,Female,26,Pune,Maharashtra,West
C04683,Saanvi Sharma,Female,35,Guwahati,Assam,East
C04684,Aryan Nair,Female,45,Jaipur,Rajasthan,North
C04685,Ananya Verma,Female,54,Guwahati,Assam,East
C04686,Sneha Joshi,Male,53,Guwahati,Assam,East
C04687,Meera Nair,Female,37,Delhi,Delhi,North
C04688,Rahul Mehta,Female,61,Jaipur,Rajasthan,North
C04689,Riya Gupta,Female,35,Guwahati,Assam,East
C04690,Kabir Singh,Female,25,Mumbai,Maharashtra,West
C04691,Karan Singh,Female,47,Pune,Maharashtra,West
C04692,Diya Singh,Female,64,Lucknow,Uttar Pradesh,North
C04693,Meera Mehta,Male,42,Guwahati,Assam,East
C04694,Riya Mehta,Male,34,Chennai,Tamil Nadu,South
C04695,Diya Sharma,Male,60,Chennai,Tamil Nadu,South
C04696,Sneha Sharma,Female,28,Lucknow,Uttar Pradesh,North
C04697,Vivaan Patel,Female,26,Mumbai,Maharashtra,West
C04698,Vivaan Roy,Female,36,Jaipur,Rajasthan,North
C04699,Saanvi Sharma,Male,52,Lucknow,Uttar Pradesh,North
C04700,Rahul Mehta,Female,40,Bengaluru,Karnataka,South
C04701,Arjun Singh,Male,53,Lucknow,Uttar Pradesh,North
C04702,Riya Mehta,Male,60,Lucknow,Uttar Pradesh,North
C04703,Diya Joshi,Female,60,Delhi,Delhi,North
C04704,Meera Singh,Female,34,Lucknow,Uttar Pradesh,North
C04705,Meera Das,Female,33,Mumbai,Maharashtra,West
C04706,Aryan Joshi,Female,18,Delhi,Delhi,North
C04707,Aarav Singh,Male,61,Delhi,Delhi,North
C04708,Sneha Kumar,Female,24,Kolkata,West Bengal,East
C04709,Saanvi Das,Male,19,Guwahati,Assam,East
C04710,Sneha Gupta,Male,53,Kolkata,West Bengal,East
C04711,Riya Singh,Female,52,Chennai,Tamil Nadu,South
C04712,Neha Joshi,Male,50,Chennai,Tamil Nadu,South
C04713,Aarav Kumar,Male,51,Jaipur,Rajasthan,North
C04714,Vihaan Roy,Male,19,Jaipur,Rajasthan,North
C04715,Ishaan Roy,Female,62,Mumbai,Maharashtra,West
C04716,Vivaan Singh,Female,36,Mumbai,Maharashtra,West
C04717,Rahul Patel,Male,43,Chennai,Tamil Nadu,South
C04718,Rahul Kumar,Female,45,Jaipur,Rajasthan,North
C04719,Sneha Das,Male,37,Lucknow,Uttar Pradesh,North
C04720,Sneha Patel,Male,25,Delhi,Delhi,North
C04721,Priya Nair,Female,48,Kolkata,West Bengal,East
C04722,Diya Roy,Male,29,Bengaluru,Karnataka,South
C04723,Arjun Nair,Male,39,Bengaluru,Karnataka,South
C04724,Ishaan Kumar,Female,46,Hyderabad,Telangana,South
C04725,Rahul Joshi,Female,48,Delhi,Delhi,North
C04726,Ananya Mehta,Female,61,Pune,Maharashtra,West
C04727,Priya Nair,Male,56,Kolkata,West Bengal,East
C04728,Diya Patel,Male,32,Pune,Maharashtra,West
C04729,Rohan Das,Male,49,Lucknow,Uttar Pradesh,North
C04730,Aryan Gupta,Female,64,Mumbai,Maharashtra,West
C04731,Ishaan Verma,Male,62,Kolkata,West Bengal,East
C04732,Vivaan Sharma,Male,43,Guwahati,Assam,East
C04733,Vihaan Verma,Male,63,Bengaluru,Karnataka,South
C04734,Rohan Kumar,Male,58,Jaipur,Rajasthan,North
C04735,Aditi Patel,Female,35,Jaipur,Rajasthan,North
C04736,Meera Yadav,Male,57,Lucknow,Uttar Pradesh,North
C04737,Meera Das,Female,53,Kolkata,West Bengal,East
C04738,Vihaan Patel,Female,28,Kolkata,West Bengal,East
C04739,Aryan Yadav,Female,24,Kolkata,West Bengal,East
C04740,Arjun Mehta,Female,49,Pune,Maharashtra,West
C04741,Saanvi Verma,Female,22,Kolkata,West Bengal,East
C04742,Diya Sharma,Male,41,Delhi,Delhi,North
C04743,Saanvi Verma,Female,46,Chennai,Tamil Nadu,South
C04744,Ananya Gupta,Female,32,Jaipur,Rajasthan,North
C04745,Ishaan Das,Male,37,Kolkata,West Bengal,East
C04746,Kabir Yadav,Female,25,Jaipur,Rajasthan,North
C04747,Arjun Das,Female,62,Jaipur,Rajasthan,North
C04748,Karan Singh,Female,36,Guwahati,Assam,East
C04749,Ishaan Sharma,Female,32,Guwahati,Assam,East
C04750,Kabir Mehta,Male,32,Jaipur,Rajasthan,North
C04751,Arjun Mehta,Male,44,Hyderabad,Telangana,South
C04752,Aditya Yadav,Male,33,Mumbai,Maharashtra,West
C04753,Saanvi Patel,Female,20,Lucknow,Uttar Pradesh,North
C04754,Aditi Mehta,Male,53,Lucknow,Uttar Pradesh,North
C04755,Priya Patel,Female,52,Mumbai,Maharashtra,West
C04756,Ishaan Sharma,Female,53,Jaipur,Rajasthan,North
C04757,Vihaan Das,Male,38,Pune,Maharashtra,West
C04758,Arjun Joshi,Female,44,Bengaluru,Karnataka,South
C04759,Ishaan Das,Male,48,Kolkata,West Bengal,East
C04760,Vivaan Verma,Male,40,Lucknow,Uttar Pradesh,North
C04761,Aditi Singh,Female,35,Pune,Maharashtra,West
C04762,Aditi Verma,Female,46,Pune,Maharashtra,West
C04763,Vihaan Nair,Female,55,Pune,Maharashtra,West
C04764,Ananya Singh,Male,43,Mumbai,Maharashtra,West
C04765,Riya Nair,Female,42,Bengaluru,Karnataka,South
C04766,Rahul Das,Male,57,Pune,Maharashtra,West
C04767,Riya Nair,Male,62,Guwahati,Assam,East
C04768,Arjun Sharma,Female,48,Delhi,Delhi,North
C04769,Riya Sharma,Male,61,Hyderabad,Telangana,South
C04770,Vihaan Verma,Male,52,Kolkata,West Bengal,East
C04771,Neha Kumar,Female,36,Guwahati,Assam,East
C04772,Ananya Roy,Female,65,Bengaluru,Karnataka,South
C04773,Kabir Gupta,Female,55,Lucknow,Uttar Pradesh,North
C04774,Karan Patel,Female,49,Kolkata,West Bengal,East
C04775,Riya Das,Male,51,Kolkata,West Bengal,East
C04776,Riya Sharma,Male,27,Mumbai,Maharashtra,West
C04777,Karan Yadav,Female,64,Mumbai,Maharashtra,West
C04778,Saanvi Kumar,Male,26,Lucknow,Uttar Pradesh,North
C04779,Kabir Mehta,Male,58,Chennai,Tamil Nadu,South
C04780,Karan Verma,Female,18,Guwahati,Assam,East
C04781,Riya Mehta,Female,34,Kolkata,West Bengal,East
C04782,Arjun Gupta,Male,45,Kolkata,West Bengal,East
C04783,Vihaan Mehta,Female,51,Jaipur,Rajasthan,North
C04784,Aditya Patel,Male,58,Mumbai,Maharashtra,West
C04785,Ishaan Mehta,Female,45,Delhi,Delhi,North
C04786,Arjun Verma,Male,57,Lucknow,Uttar Pradesh,North
C04787,Meera Verma,Female,39,Jaipur,Rajasthan,North
C04788,Aarav Sharma,Male,24,Guwahati,Assam,East
C04789,Karan Nair,Male,41,Jaipur,Rajasthan,North
C04790,Aryan Mehta,Female,45,Kolkata,West Bengal,East
C04791,Ishaan Singh,Female,23,Guwahati,Assam,East
C04792,Kabir Mehta,Male,64,Kolkata,West Bengal,East
C04793,Aarav Kumar,Female,30,Jaipur,Rajasthan,North
C04794,Sneha Sharma,Male,25,Bengaluru,Karnataka,South
C04795,Rohan Nair,Male,18,Guwahati,Assam,East
C04796,Meera Patel,Female,37,Hyderabad,Telangana,South
C04797,Diya Das,Male,33,Bengaluru,Karnataka,South
C04798,Vivaan Nair,Male,62,Pune,Maharashtra,West
C04799,Diya Mehta,Male,50,Lucknow,Uttar Pradesh,North
C04800,Vivaan Gupta,Female,21,Mumbai,Maharashtra,West
C04801,Ananya Singh,Female,31,Bengaluru,Karnataka,South
C04802,Aditya Das,Female,31,Pune,Maharashtra,West
C04803,Sneha Patel,Female,23,Pune,Maharashtra,West
C04804,Priya Mehta,Female,54,Hyderabad,Telangana,South
C04805,Ishaan Das,Male,57,Hyderabad,Telangana,South
C04806,Aarav Kumar,Female,52,Delhi,Delhi,North
C04807,Neha Verma,Female,58,Kolkata,West Bengal,East
C04808,Karan Kumar,Male,23,Chennai,Tamil Nadu,South
C04809,Sneha Roy,Male,55,Kolkata,West Bengal,East
C04810,Riya Patel,Female,40,Jaipur,Rajasthan,North
C04811,Arjun Roy,Female,33,Mumbai,Maharashtra,West
C04812,Saanvi Sharma,Male,50,Pune,Maharashtra,West
C04813,Aditi Joshi,Male,47,Hyderabad,Telangana,South
C04814,Vihaan Mehta,Female,59,Delhi,Delhi,North
C04815,Neha Sharma,Female,33,Pune,Maharashtra,West
C04816,Vihaan Mehta,Male,42,Chennai,Tamil Nadu,South
C04817,Rahul Verma,Female,22,Chennai,Tamil Nadu,South
C04818,Arjun Nair,Female,38,Delhi,Delhi,North
C04819,Diya Mehta,Female,44,Hyderabad,Telangana,South
C04820,Vivaan Das,Male,20,Chennai,Tamil Nadu,South
C04821,Meera Mehta,Male,26,Hyderabad,Telangana,South
C04822,Ishaan Sharma,Female,27,Jaipur,Rajasthan,North
C04823,Neha Singh,Female,26,Jaipur,Rajasthan,North
C04824,Arjun Gupta,Female,61,Lucknow,Uttar Pradesh,North
C04825,Karan Verma,Male,55,Chennai,Tamil Nadu,South
C04826,Ishaan Sharma,Female,54,Kolkata,West Bengal,East
C04827,Neha Joshi,Female,34,Delhi,Delhi,North
C04828,Aarav Nair,Male,29,Guwahati,Assam,East
C04829,Meera Gupta,Female,35,Lucknow,Uttar Pradesh,North
C04830,Priya Verma,Male,39,Kolkata,West Bengal,East
C04831,Karan Patel,Female,25,Lucknow,Uttar Pradesh,North
C04832,Rahul Singh,Male,59,Jaipur,Rajasthan,North
C04833,Meera Mehta,Male,24,Pune,Maharashtra,West
C04834,Rahul Yadav,Male,30,Pune,Maharashtra,West
C04835,Ishaan Nair,Male,50,Chennai,Tamil Nadu,South
C04836,Ishaan Mehta,Female,46,Jaipur,Rajasthan,North
C04837,Kabir Singh,Male,31,Kolkata,West Bengal,East
C04838,Ananya Joshi,Female,18,Pune,Maharashtra,West
C04839,Arjun Singh,Male,56,Chennai,Tamil Nadu,South
C04840,Saanvi Verma,Female,30,Delhi,Delhi,North
C04841,Neha Sharma,Male,52,Lucknow,Uttar Pradesh,North
C04842,Sneha Patel,Female,34,Bengaluru,Karnataka,South
C04843,Vivaan Gupta,Male,59,Bengaluru,Karnataka,South
C04844,Rohan Verma,Male,64,Bengaluru,Karnataka,South
C04845,Karan Joshi,Male,18,Kolkata,West Bengal,East
C04846,Rahul Verma,Male,21,Chennai,Tamil Nadu,South
C04847,Riya Yadav,Female,24,Jaipur,Rajasthan,North
C04848,Ishaan Patel,Female,41,Guwahati,Assam,East
C04849,Meera Kumar,Male,21,Hyderabad,Telangana,South
C04850,Aditi Yadav,Female,24,Guwahati,Assam,East
C04851,Aryan Gupta,Female,19,Bengaluru,Karnataka,South
C04852,Meera Joshi,Male,65,Guwahati,Assam,East
C04853,Rahul Nair,Female,31,Pune,Maharashtra,West
C04854,Vihaan Das,Male,49,Bengaluru,Karnataka,South
C04855,Aryan Patel,Female,18,Chennai,Tamil Nadu,South
C04856,Ishaan Patel,Female,24,Chennai,Tamil Nadu,South
C04857,Meera Nair,Male,20,Mumbai,Maharashtra,West
C04858,Ananya Roy,Female,24,Hyderabad,Telangana,South
C04859,Ishaan Sharma,Female,18,Pune,Maharashtra,West
C04860,Meera Roy,Female,62,Bengaluru,Karnataka,South
C04861,Vivaan Patel,Male,20,Bengaluru,Karnataka,South
C04862,Diya Singh,Female,44,Guwahati,Assam,East
C04863,Aditya Nair,Female,30,Bengaluru,Karnataka,South
C04864,Meera Nair,Male,18,Pune,Maharashtra,West
C04865,Karan Joshi,Female,19,Kolkata,West Bengal,East
C04866,Arjun Joshi,Male,26,Delhi,Delhi,North
C04867,Riya Sharma,Male,47,Kolkata,West Bengal,East
C04868,Saanvi Joshi,Male,30,Hyderabad,Telangana,South
C04869,Karan Patel,Male,23,Delhi,Delhi,North
C04870,Ishaan Mehta,Female,54,Mumbai,Maharashtra,West
C04871,Kabir Joshi,Male,59,Delhi,Delhi,North
C04872,Aditi Patel,Male,25,Pune,Maharashtra,West
C04873,Rahul Das,Female,65,Delhi,Delhi,North
C04874,Arjun Joshi,Male,54,Pune,Maharashtra,West
C04875,Meera Verma,Female,18,Bengaluru,Karnataka,South
C04876,Rahul Gupta,Male,44,Jaipur,Rajasthan,North
C04877,Aryan Singh,Female,36,Delhi,Delhi,North
C04878,Vihaan Das,Male,23,Bengaluru,Karnataka,South
C04879,Aarav Patel,Female,29,Pune,Maharashtra,West
C04880,Riya Gupta,Male,27,Hyderabad,Telangana,South
C04881,Riya Gupta,Female,65,Delhi,Delhi,North
C04882,Aditi Patel,Female,57,Jaipur,Rajasthan,North
C04883,Ishaan Kumar,Male,44,Delhi,Delhi,North
C04884,Diya Verma,Male,26,Kolkata,West Bengal,East
C04885,Neha Verma,Female,56,Jaipur,Rajasthan,North
C04886,Meera Sharma,Male,35,Chennai,Tamil Nadu,South
C04887,Priya Nair,Female,25,Kolkata,West Bengal,East
C04888,Vivaan Patel,Male,24,Pune,Maharashtra,West
C04889,Arjun Das,Male,28,Guwahati,Assam,East
C04890,Meera Roy,Female,64,Pune,Maharashtra,West
C04891,Meera Roy,Female,48,Guwahati,Assam,East
C04892,Neha Mehta,Female,26,Lucknow,Uttar Pradesh,North
C04893,Karan Roy,Male,18,Hyderabad,Telangana,South
C04894,Kabir Gupta,Female,47,Lucknow,Uttar Pradesh,North
C04895,Aarav Mehta,Male,46,Chennai,Tamil Nadu,South
C04896,Aditya Nair,Male,54,Lucknow,Uttar Pradesh,North
C04897,Aditi Gupta,Male,23,Delhi,Delhi,North
C04898,Ananya Sharma,Male,43,Pune,Maharashtra,West
C04899,Kabir Singh,Female,56,Guwahati,Assam,East
C04900,Ishaan Das,Male,35,Bengaluru,Karnataka,South
C04901,Rahul Mehta,Female,35,Lucknow,Uttar Pradesh,North
C04902,Vivaan Mehta,Male,25,Jaipur,Rajasthan,North
C04903,Riya Mehta,Female,38,Hyderabad,Telangana,South
C04904,Neha Patel,Male,63,Chennai,Tamil Nadu,South
C04905,Vihaan Verma,Male,30,Delhi,Delhi,North
C04906,Aryan Sharma,Female,39,Jaipur,Rajasthan,North
C04907,Ishaan Singh,Male,21,Delhi,Delhi,North
C04908,Aarav Mehta,Female,33,Delhi,Delhi,North
C04909,Sneha Joshi,Male,55,Chennai,Tamil Nadu,South
C04910,Saanvi Sharma,Male,51,Mumbai,Maharashtra,West
C04911,Riya Nair,Male,25,Lucknow,Uttar Pradesh,North
C04912,Arjun Roy,Male,19,Chennai,Tamil Nadu,South
C04913,Aditya Roy,Male,33,Guwahati,Assam,East
C04914,Aditi Singh,Female,65,Bengaluru,Karnataka,South
C04915,Meera Nair,Female,65,Guwahati,Assam,East
C04916,Vivaan Roy,Male,52,Guwahati,Assam,East
C04917,Ananya Mehta,Male,53,Kolkata,West Bengal,East
C04918,Aditi Gupta,Female,33,Pune,Maharashtra,West
C04919,Vivaan Sharma,Female,61,Delhi,Delhi,North
C04920,Rohan Roy,Male,24,Hyderabad,Telangana,South
C04921,Karan Verma,Male,51,Hyderabad,Telangana,South
C04922,Diya Verma,Female,62,Mumbai,Maharashtra,West
C04923,Diya Mehta,Male,54,Chennai,Tamil Nadu,South
C04924,Aryan Sharma,Male,58,Chennai,Tamil Nadu,South
C04925,Aarav Verma,Female,31,Chennai,Tamil Nadu,South
C04926,Rohan Gupta,Female,44,Kolkata,West Bengal,East
C04927,Karan Das,Female,54,Delhi,Delhi,North
C04928,Saanvi Gupta,Female,55,Guwahati,Assam,East
C04929,Sneha Roy,Female,27,Chennai,Tamil Nadu,South
C04930,Arjun Sharma,Male,35,Delhi,Delhi,North
C04931,Aryan Yadav,Male,62,Delhi,Delhi,North
C04932,Aryan Patel,Male,50,Lucknow,Uttar Pradesh,North
C04933,Saanvi Gupta,Male,27,Jaipur,Rajasthan,North
C04934,Aryan Sharma,Female,50,Pune,Maharashtra,West
C04935,Aditi Gupta,Female,26,Mumbai,Maharashtra,West
C04936,Rohan Das,Male,44,Jaipur,Rajasthan,North
C04937,Vihaan Singh,Female,47,Chennai,Tamil Nadu,South
C04938,Aarav Gupta,Male,28,Delhi,Delhi,North
C04939,Arjun Mehta,Male,53,Guwahati,Assam,East
C04940,Arjun Mehta,Male,61,Kolkata,West Bengal,East
C04941,Aditya Kumar,Male,58,Pune,Maharashtra,West
C04942,Priya Nair,Male,36,Kolkata,West Bengal,East
C04943,Arjun Sharma,Male,47,Pune,Maharashtra,West
C04944,Vihaan Singh,Male,34,Guwahati,Assam,East
C04945,Neha Sharma,Male,23,Pune,Maharashtra,West
C04946,Meera Singh,Male,47,Bengaluru,Karnataka,South
C04947,Aarav Verma,Male,30,Mumbai,Maharashtra,West
C04948,Riya Yadav,Female,22,Bengaluru,Karnataka,South
C04949,Aditya Patel,Male,59,Kolkata,West Bengal,East
C04950,Meera Yadav,Female,18,Chennai,Tamil Nadu,South
C04951,Neha Roy,Female,32,Jaipur,Rajasthan,North
C04952,Ananya Roy,Male,37,Chennai,Tamil Nadu,South
C04953,Aryan Joshi,Female,32,Bengaluru,Karnataka,South
C04954,Sneha Sharma,Male,57,Chennai,Tamil Nadu,South
C04955,Diya Singh,Male,41,Mumbai,Maharashtra,West
C04956,Ishaan Yadav,Female,49,Jaipur,Rajasthan,North
C04957,Rahul Singh,Female,53,Bengaluru,Karnataka,South
C04958,Aditya Joshi,Female,52,Pune,Maharashtra,West
C04959,Vihaan Das,Male,65,Bengaluru,Karnataka,South
C04960,Karan Kumar,Male,43,Bengaluru,Karnataka,South
C04961,Aarav Mehta,Female,44,Jaipur,Rajasthan,North
C04962,Priya Yadav,Female,27,Pune,Maharashtra,West
C04963,Rahul Verma,Female,44,Bengaluru,Karnataka,South
C04964,Karan Mehta,Female,57,Lucknow,Uttar Pradesh,North
C04965,Aditi Joshi,Male,60,Chennai,Tamil Nadu,South
C04966,Riya Sharma,Male,41,Bengaluru,Karnataka,South
C04967,Vivaan Roy,Male,50,Delhi,Delhi,North
C04968,Kabir Nair,Female,37,Chennai,Tamil Nadu,South
C04969,Aryan Singh,Female,35,Bengaluru,Karnataka,South
C04970,Ananya Sharma,Female,64,Hyderabad,Telangana,South
C04971,Sneha Mehta,Male,25,Pune,Maharashtra,West
C04972,Aditya Das,Female,34,Bengaluru,Karnataka,South
C04973,Priya Patel,Female,34,Guwahati,Assam,East
C04974,Vihaan Sharma,Female,60,Guwahati,Assam,East
C04975,Ananya Kumar,Male,25,Chennai,Tamil Nadu,South
C04976,Saanvi Joshi,Male,52,Mumbai,Maharashtra,West
C04977,Aditya Mehta,Male,47,Lucknow,Uttar Pradesh,North
C04978,Aarav Kumar,Female,32,Hyderabad,Telangana,South
C04979,Rohan Das,Female,50,Chennai,Tamil Nadu,South
C04980,Vihaan Yadav,Male,51,Lucknow,Uttar Pradesh,North
C04981,Rahul Nair,Female,52,Lucknow,Uttar Pradesh,North
C04982,Sneha Roy,Female,19,Delhi,Delhi,North
C04983,Arjun Verma,Male,29,Kolkata,West Bengal,East
C04984,Vihaan Das,Female,30,Mumbai,Maharashtra,West
C04985,Aditya Yadav,Male,33,Chennai,Tamil Nadu,South
C04986,Arjun Yadav,Female,21,Delhi,Delhi,North
C04987,Saanvi Yadav,Female,18,Chennai,Tamil Nadu,South
C04988,Aditi Patel,Male,63,Hyderabad,Telangana,South
C04989,Sneha Sharma,Male,30,Lucknow,Uttar Pradesh,North
C04990,Vivaan Yadav,Male,24,Bengaluru,Karnataka,South
C04991,Karan Mehta,Male,23,Guwahati,Assam,East
C04992,Rahul Sharma,Male,31,Mumbai,Maharashtra,West
C04993,Aditi Verma,Male,24,Chennai,Tamil Nadu,South
C04994,Arjun Nair,Female,59,Jaipur,Rajasthan,North
C04995,Neha Sharma,Male,58,Lucknow,Uttar Pradesh,North
C04996,Aryan Das,Male,64,Pune,Maharashtra,West
C04997,Rahul Verma,Female,58,Lucknow,Uttar Pradesh,North
C04998,Kabir Das,Female,18,Jaipur,Rajasthan,North
C04999,Aditya Singh,Female,39,Mumbai,Maharashtra,West
C05000,Diya Mehta,Male,63,Hyderabad,Telangana,South
